"PlayerID","TimeStamp","datenum of timestamp","#head impacts"
"'040077964'","'2018-09-24 21:10:00'","737327.88194444","1"
"'040077939'","'2018-09-24 20:55:00'","737327.87152778","1"
"'040078058'","'2018-09-24 20:20:00'","737327.84722222","1"
"'040078097'","'2018-09-22 01:55:00'","737325.07986111","2"
"'040069137'","'2018-09-22 01:55:00'","737325.07986111","1"
"'040078048'","'2018-09-22 01:55:00'","737325.07986111","1"
"'040078092'","'2018-09-22 01:55:00'","737325.07986111","1"
"'040069137'","'2018-09-22 01:50:00'","737325.07638889","4"
"'040078097'","'2018-09-22 01:50:00'","737325.07638889","7"
"'040078092'","'2018-09-22 01:50:00'","737325.07638889","4"
"'040078048'","'2018-09-22 01:50:00'","737325.07638889","1"
"'040079460'","'2018-09-22 01:50:00'","737325.07638889","1"
"'040079459'","'2018-09-22 01:50:00'","737325.07638889","1"
"'040078060'","'2018-09-22 01:50:00'","737325.07638889","1"
"'040077974'","'2018-09-22 01:45:00'","737325.07291667","2"
"'040078046'","'2018-09-22 01:45:00'","737325.07291667","2"
"'040078078'","'2018-09-22 01:45:00'","737325.07291667","3"
"'040078092'","'2018-09-22 01:40:00'","737325.06944444","2"
"'040078097'","'2018-09-22 01:40:00'","737325.06944444","3"
"'040069137'","'2018-09-22 01:40:00'","737325.06944444","1"
"'040077949'","'2018-09-22 01:40:00'","737325.06944444","1"
"'040082100'","'2018-09-22 01:40:00'","737325.06944444","1"
"'040077960'","'2018-09-22 01:40:00'","737325.06944444","1"
"'040078048'","'2018-09-22 01:35:00'","737325.06597222","2"
"'040078052'","'2018-09-22 01:35:00'","737325.06597222","1"
"'040078078'","'2018-09-22 01:35:00'","737325.06597222","2"
"'040078040'","'2018-09-22 01:35:00'","737325.06597222","2"
"'040078046'","'2018-09-22 01:35:00'","737325.06597222","1"
"'040079460'","'2018-09-22 01:35:00'","737325.06597222","1"
"'040077960'","'2018-09-22 01:35:00'","737325.06597222","5"
"'040078051'","'2018-09-22 01:30:00'","737325.0625","1"
"'040078043'","'2018-09-22 01:30:00'","737325.0625","1"
"'040078052'","'2018-09-22 01:30:00'","737325.0625","1"
"'040077949'","'2018-09-22 01:30:00'","737325.0625","1"
"'040078048'","'2018-09-22 01:30:00'","737325.0625","2"
"'040078095'","'2018-09-22 01:25:00'","737325.05902778","2"
"'040078040'","'2018-09-22 01:25:00'","737325.05902778","4"
"'040077949'","'2018-09-22 01:25:00'","737325.05902778","2"
"'040078052'","'2018-09-22 01:25:00'","737325.05902778","1"
"'040077960'","'2018-09-22 01:25:00'","737325.05902778","1"
"'040078097'","'2018-09-22 01:20:00'","737325.05555556","3"
"'040077974'","'2018-09-22 01:20:00'","737325.05555556","2"
"'040079459'","'2018-09-22 01:20:00'","737325.05555556","1"
"'040078092'","'2018-09-22 01:20:00'","737325.05555556","5"
"'040078084'","'2018-09-22 01:20:00'","737325.05555556","1"
"'040079459'","'2018-09-22 01:15:00'","737325.05208333","1"
"'040078092'","'2018-09-22 01:15:00'","737325.05208333","2"
"'040078060'","'2018-09-22 01:15:00'","737325.05208333","1"
"'040078097'","'2018-09-22 01:15:00'","737325.05208333","7"
"'040069137'","'2018-09-22 01:15:00'","737325.05208333","3"
"'040056208'","'2018-09-22 01:15:00'","737325.05208333","2"
"'040077974'","'2018-09-22 01:15:00'","737325.05208333","3"
"'040078048'","'2018-09-22 01:10:00'","737325.04861111","2"
"'040078092'","'2018-09-22 01:10:00'","737325.04861111","2"
"'040056208'","'2018-09-22 01:10:00'","737325.04861111","1"
"'040078045'","'2018-09-22 01:10:00'","737325.04861111","1"
"'040069137'","'2018-09-22 01:10:00'","737325.04861111","1"
"'040077950'","'2018-09-22 01:10:00'","737325.04861111","1"
"'040079459'","'2018-09-22 01:10:00'","737325.04861111","1"
"'040078060'","'2018-09-22 01:10:00'","737325.04861111","1"
"'040077974'","'2018-09-22 01:10:00'","737325.04861111","1"
"'040079460'","'2018-09-22 01:05:00'","737325.04513889","3"
"'040078095'","'2018-09-22 01:05:00'","737325.04513889","2"
"'040078048'","'2018-09-22 01:05:00'","737325.04513889","3"
"'040056208'","'2018-09-22 01:05:00'","737325.04513889","1"
"'040078078'","'2018-09-22 01:05:00'","737325.04513889","1"
"'040077950'","'2018-09-22 01:05:00'","737325.04513889","3"
"'040077960'","'2018-09-22 01:05:00'","737325.04513889","2"
"'040078040'","'2018-09-22 01:05:00'","737325.04513889","1"
"'040078092'","'2018-09-22 01:05:00'","737325.04513889","1"
"'040078051'","'2018-09-22 01:05:00'","737325.04513889","1"
"'040079460'","'2018-09-22 01:00:00'","737325.04166667","1"
"'040077949'","'2018-09-22 01:00:00'","737325.04166667","1"
"'040077960'","'2018-09-22 01:00:00'","737325.04166667","2"
"'040078043'","'2018-09-22 01:00:00'","737325.04166667","1"
"'040069137'","'2018-09-22 00:40:00'","737325.02777778","2"
"'040078059'","'2018-09-22 00:40:00'","737325.02777778","1"
"'040078097'","'2018-09-22 00:35:00'","737325.02430556","1"
"'040079459'","'2018-09-22 00:35:00'","737325.02430556","1"
"'040077974'","'2018-09-22 00:35:00'","737325.02430556","1"
"'040077950'","'2018-09-22 00:30:00'","737325.02083333","2"
"'040078095'","'2018-09-22 00:30:00'","737325.02083333","2"
"'040077974'","'2018-09-22 00:25:00'","737325.01736111","1"
"'040078048'","'2018-09-22 00:25:00'","737325.01736111","1"
"'040077949'","'2018-09-22 00:25:00'","737325.01736111","1"
"'040078040'","'2018-09-22 00:25:00'","737325.01736111","1"
"'040069137'","'2018-09-22 00:25:00'","737325.01736111","1"
"'040078051'","'2018-09-22 00:25:00'","737325.01736111","2"
"'040077960'","'2018-09-22 00:25:00'","737325.01736111","2"
"'040078043'","'2018-09-22 00:25:00'","737325.01736111","2"
"'040078060'","'2018-09-22 00:20:00'","737325.01388889","2"
"'040078092'","'2018-09-22 00:20:00'","737325.01388889","2"
"'040056208'","'2018-09-22 00:20:00'","737325.01388889","2"
"'040077974'","'2018-09-22 00:20:00'","737325.01388889","3"
"'040069137'","'2018-09-22 00:20:00'","737325.01388889","3"
"'040078097'","'2018-09-22 00:20:00'","737325.01388889","5"
"'040077974'","'2018-09-22 00:15:00'","737325.01041667","2"
"'040078097'","'2018-09-22 00:15:00'","737325.01041667","4"
"'040078060'","'2018-09-22 00:15:00'","737325.01041667","2"
"'040078048'","'2018-09-22 00:15:00'","737325.01041667","1"
"'040078092'","'2018-09-22 00:15:00'","737325.01041667","3"
"'040056208'","'2018-09-22 00:15:00'","737325.01041667","1"
"'040079459'","'2018-09-22 00:15:00'","737325.01041667","1"
"'040078043'","'2018-09-22 00:10:00'","737325.00694444","1"
"'040078095'","'2018-09-22 00:10:00'","737325.00694444","1"
"'040078052'","'2018-09-22 00:10:00'","737325.00694444","2"
"'040077960'","'2018-09-22 00:10:00'","737325.00694444","1"
"'040078051'","'2018-09-22 00:10:00'","737325.00694444","1"
"'040078048'","'2018-09-22 00:10:00'","737325.00694444","2"
"'040077949'","'2018-09-22 00:10:00'","737325.00694444","1"
"'040056208'","'2018-09-22 00:05:00'","737325.00347222","1"
"'040078048'","'2018-09-22 00:05:00'","737325.00347222","2"
"'040069137'","'2018-09-22 00:05:00'","737325.00347222","2"
"'040078060'","'2018-09-22 00:05:00'","737325.00347222","1"
"'040078040'","'2018-09-22 00:05:00'","737325.00347222","1"
"'040078092'","'2018-09-22 00:05:00'","737325.00347222","2"
"'040078097'","'2018-09-22 00:05:00'","737325.00347222","4"
"'040078051'","'2018-09-22 00:05:00'","737325.00347222","1"
"'040077688'","'2018-09-22 00:05:00'","737325.00347222","2"
"'040078052'","'2018-09-22 00:05:00'","737325.00347222","1"
"'040077950'","'2018-09-22 00:05:00'","737325.00347222","1"
"'040078043'","'2018-09-22 00:05:00'","737325.00347222","1"
"'040078095'","'2018-09-22 00:00:00'","737325","2"
"'040077950'","'2018-09-22 00:00:00'","737325","4"
"'040077960'","'2018-09-22 00:00:00'","737325","3"
"'040078048'","'2018-09-22 00:00:00'","737325","2"
"'040079460'","'2018-09-22 00:00:00'","737325","1"
"'040078097'","'2018-09-22 00:00:00'","737325","1"
"'040078097'","'2018-09-21 23:55:00'","737324.99652778","4"
"'040077973'","'2018-09-21 23:55:00'","737324.99652778","1"
"'040078059'","'2018-09-21 23:55:00'","737324.99652778","1"
"'040078084'","'2018-09-21 23:55:00'","737324.99652778","1"
"'040077950'","'2018-09-21 23:55:00'","737324.99652778","3"
"'040077974'","'2018-09-21 23:55:00'","737324.99652778","3"
"'040078048'","'2018-09-21 23:55:00'","737324.99652778","1"
"'040056208'","'2018-09-21 23:55:00'","737324.99652778","1"
"'040078060'","'2018-09-21 23:55:00'","737324.99652778","1"
"'040078092'","'2018-09-21 23:55:00'","737324.99652778","1"
"'040077950'","'2018-09-21 23:50:00'","737324.99305556","2"
"'040078052'","'2018-09-21 23:50:00'","737324.99305556","2"
"'040079460'","'2018-09-21 23:50:00'","737324.99305556","2"
"'040078051'","'2018-09-21 23:50:00'","737324.99305556","3"
"'040078095'","'2018-09-21 23:50:00'","737324.99305556","2"
"'040078040'","'2018-09-21 23:50:00'","737324.99305556","1"
"'040078048'","'2018-09-21 23:50:00'","737324.99305556","2"
"'040079459'","'2018-09-21 23:50:00'","737324.99305556","1"
"'040078043'","'2018-09-21 23:50:00'","737324.99305556","1"
"'040078051'","'2018-09-21 23:45:00'","737324.98958333","1"
"'040077960'","'2018-09-21 23:45:00'","737324.98958333","2"
"'040077949'","'2018-09-21 23:45:00'","737324.98958333","3"
"'040078095'","'2018-09-21 23:45:00'","737324.98958333","4"
"'040079460'","'2018-09-21 23:45:00'","737324.98958333","1"
"'040078048'","'2018-09-21 23:45:00'","737324.98958333","4"
"'040077950'","'2018-09-21 23:45:00'","737324.98958333","3"
"'040069137'","'2018-09-21 23:40:00'","737324.98611111","1"
"'040078095'","'2018-09-21 23:40:00'","737324.98611111","1"
"'040056208'","'2018-09-21 23:40:00'","737324.98611111","1"
"'040077960'","'2018-09-21 23:40:00'","737324.98611111","1"
"'040077949'","'2018-09-21 23:40:00'","737324.98611111","1"
"'040077974'","'2018-09-21 23:40:00'","737324.98611111","3"
"'040078097'","'2018-09-21 23:40:00'","737324.98611111","3"
"'040056208'","'2018-09-21 23:35:00'","737324.98263889","2"
"'040079460'","'2018-09-21 23:35:00'","737324.98263889","1"
"'040077974'","'2018-09-21 23:35:00'","737324.98263889","2"
"'040078097'","'2018-09-21 23:35:00'","737324.98263889","3"
"'040069137'","'2018-09-21 23:35:00'","737324.98263889","1"
"'040077960'","'2018-09-21 23:35:00'","737324.98263889","1"
"'040078043'","'2018-09-21 23:35:00'","737324.98263889","1"
"'040078095'","'2018-09-21 23:35:00'","737324.98263889","1"
"'040077950'","'2018-09-21 23:35:00'","737324.98263889","3"
"'040078043'","'2018-09-21 23:30:00'","737324.97916667","1"
"'040078095'","'2018-09-21 23:30:00'","737324.97916667","1"
"'040077950'","'2018-09-21 23:30:00'","737324.97916667","2"
"'040079459'","'2018-09-21 23:30:00'","737324.97916667","2"
"'040078046'","'2018-09-21 23:30:00'","737324.97916667","1"
"'040077950'","'2018-09-21 23:05:00'","737324.96180556","1"
"'040077950'","'2018-09-21 23:00:00'","737324.95833333","2"
"'040078097'","'2018-09-21 23:00:00'","737324.95833333","2"
"'040078092'","'2018-09-21 23:00:00'","737324.95833333","3"
"'040077973'","'2018-09-21 23:00:00'","737324.95833333","1"
"'040078058'","'2018-09-21 11:55:00'","737324.49652778","1"
"'040078066'","'2018-09-20 23:45:00'","737323.98958333","1"
"'040078049'","'2018-09-20 23:45:00'","737323.98958333","1"
"'040078050'","'2018-09-20 23:45:00'","737323.98958333","1"
"'040077964'","'2018-09-20 23:45:00'","737323.98958333","1"
"'040078068'","'2018-09-20 23:40:00'","737323.98611111","1"
"'040077948'","'2018-09-20 23:40:00'","737323.98611111","1"
"'040069066'","'2018-09-20 23:40:00'","737323.98611111","1"
"'040077948'","'2018-09-20 23:35:00'","737323.98263889","2"
"'040078049'","'2018-09-20 23:35:00'","737323.98263889","1"
"'040077937'","'2018-09-20 23:30:00'","737323.97916667","1"
"'040078068'","'2018-09-20 23:30:00'","737323.97916667","1"
"'040078074'","'2018-09-20 23:30:00'","737323.97916667","2"
"'040078057'","'2018-09-20 23:30:00'","737323.97916667","1"
"'040078062'","'2018-09-20 23:25:00'","737323.97569444","1"
"'040077948'","'2018-09-20 23:25:00'","737323.97569444","2"
"'040056203'","'2018-09-20 23:25:00'","737323.97569444","1"
"'040077964'","'2018-09-20 23:20:00'","737323.97222222","2"
"'040077971'","'2018-09-20 23:20:00'","737323.97222222","2"
"'040078068'","'2018-09-20 23:20:00'","737323.97222222","2"
"'040078041'","'2018-09-20 23:15:00'","737323.96875","1"
"'040077957'","'2018-09-20 23:15:00'","737323.96875","2"
"'040077948'","'2018-09-20 23:15:00'","737323.96875","3"
"'040077964'","'2018-09-20 23:15:00'","737323.96875","1"
"'040078074'","'2018-09-20 23:15:00'","737323.96875","1"
"'040078049'","'2018-09-20 22:05:00'","737323.92013889","2"
"'040078068'","'2018-09-20 21:40:00'","737323.90277778","1"
"'040077964'","'2018-09-20 21:40:00'","737323.90277778","1"
"'040077971'","'2018-09-20 21:40:00'","737323.90277778","1"
"'040077948'","'2018-09-20 21:40:00'","737323.90277778","1"
"'040077950'","'2018-09-20 20:35:00'","737323.85763889","1"
"'040082100'","'2018-09-20 20:35:00'","737323.85763889","1"
"'040077950'","'2018-09-20 20:30:00'","737323.85416667","1"
"'040078097'","'2018-09-20 20:30:00'","737323.85416667","2"
"'040077950'","'2018-09-20 20:00:00'","737323.83333333","3"
"'040077942'","'2018-09-20 20:00:00'","737323.83333333","1"
"'040069137'","'2018-09-20 20:00:00'","737323.83333333","1"
"'040078097'","'2018-09-20 20:00:00'","737323.83333333","3"
"'040078095'","'2018-09-20 20:00:00'","737323.83333333","1"
"'040077940'","'2018-09-20 20:00:00'","737323.83333333","1"
"'040078078'","'2018-09-20 20:00:00'","737323.83333333","2"
"'040056208'","'2018-09-20 19:55:00'","737323.82986111","1"
"'040078097'","'2018-09-20 19:55:00'","737323.82986111","1"
"'040077950'","'2018-09-20 19:55:00'","737323.82986111","1"
"'040079460'","'2018-09-20 19:55:00'","737323.82986111","1"
"'040082100'","'2018-09-20 19:55:00'","737323.82986111","1"
"'040078097'","'2018-09-20 19:50:00'","737323.82638889","1"
"'040056208'","'2018-09-20 19:50:00'","737323.82638889","1"
"'040077971'","'2018-09-19 21:20:00'","737322.88888889","1"
"'040078041'","'2018-09-19 21:15:00'","737322.88541667","1"
"'040077950'","'2018-09-19 21:00:00'","737322.875","1"
"'040077688'","'2018-09-19 20:30:00'","737322.85416667","1"
"'040077964'","'2018-09-19 20:10:00'","737322.84027778","1"
"'040077969'","'2018-09-19 20:10:00'","737322.84027778","1"
"'040077939'","'2018-09-19 20:05:00'","737322.83680556","1"
"'040077971'","'2018-09-19 20:05:00'","737322.83680556","2"
"'040077964'","'2018-09-19 20:05:00'","737322.83680556","2"
"'040077943'","'2018-09-19 20:05:00'","737322.83680556","1"
"'040077948'","'2018-09-19 20:00:00'","737322.83333333","2"
"'040077964'","'2018-09-19 20:00:00'","737322.83333333","1"
"'040077969'","'2018-09-19 20:00:00'","737322.83333333","1"
"'040078062'","'2018-09-19 19:55:00'","737322.82986111","1"
"'040077964'","'2018-09-19 19:55:00'","737322.82986111","1"
"'040077948'","'2018-09-19 19:55:00'","737322.82986111","1"
"'040077964'","'2018-09-18 21:30:00'","737321.89583333","2"
"'040078068'","'2018-09-18 21:30:00'","737321.89583333","1"
"'040078097'","'2018-09-18 21:25:00'","737321.89236111","2"
"'040078068'","'2018-09-18 21:25:00'","737321.89236111","3"
"'040078079'","'2018-09-18 21:25:00'","737321.89236111","1"
"'040077948'","'2018-09-18 21:25:00'","737321.89236111","1"
"'040078062'","'2018-09-18 21:25:00'","737321.89236111","1"
"'040078051'","'2018-09-18 21:25:00'","737321.89236111","1"
"'040077964'","'2018-09-18 21:25:00'","737321.89236111","2"
"'040077942'","'2018-09-18 21:20:00'","737321.88888889","1"
"'040078079'","'2018-09-18 21:20:00'","737321.88888889","1"
"'040077950'","'2018-09-18 21:20:00'","737321.88888889","1"
"'040078097'","'2018-09-18 21:20:00'","737321.88888889","6"
"'040079460'","'2018-09-18 21:20:00'","737321.88888889","1"
"'040078043'","'2018-09-18 21:20:00'","737321.88888889","1"
"'040077949'","'2018-09-18 21:20:00'","737321.88888889","1"
"'040069137'","'2018-09-18 21:15:00'","737321.88541667","1"
"'040078040'","'2018-09-18 21:15:00'","737321.88541667","1"
"'040078079'","'2018-09-18 21:15:00'","737321.88541667","1"
"'040078084'","'2018-09-18 21:15:00'","737321.88541667","1"
"'040077688'","'2018-09-18 21:15:00'","737321.88541667","1"
"'040077950'","'2018-09-18 21:15:00'","737321.88541667","2"
"'040078095'","'2018-09-18 21:15:00'","737321.88541667","3"
"'040078051'","'2018-09-18 21:15:00'","737321.88541667","1"
"'040056208'","'2018-09-18 21:15:00'","737321.88541667","1"
"'040079460'","'2018-09-18 21:15:00'","737321.88541667","1"
"'040078097'","'2018-09-18 21:15:00'","737321.88541667","1"
"'040077950'","'2018-09-18 21:10:00'","737321.88194444","3"
"'040077974'","'2018-09-18 21:10:00'","737321.88194444","1"
"'040069137'","'2018-09-18 21:10:00'","737321.88194444","1"
"'040078097'","'2018-09-18 21:10:00'","737321.88194444","4"
"'040077950'","'2018-09-18 21:05:00'","737321.87847222","1"
"'040078048'","'2018-09-18 21:05:00'","737321.87847222","1"
"'040079460'","'2018-09-18 21:05:00'","737321.87847222","2"
"'040078063'","'2018-09-18 21:05:00'","737321.87847222","1"
"'040077960'","'2018-09-18 21:05:00'","737321.87847222","2"
"'040069137'","'2018-09-18 21:05:00'","737321.87847222","2"
"'040078078'","'2018-09-18 21:05:00'","737321.87847222","2"
"'040077964'","'2018-09-18 21:00:00'","737321.875","1"
"'040077969'","'2018-09-18 21:00:00'","737321.875","1"
"'040078068'","'2018-09-18 21:00:00'","737321.875","1"
"'040077964'","'2018-09-18 20:55:00'","737321.87152778","5"
"'040078097'","'2018-09-18 20:55:00'","737321.87152778","3"
"'040078092'","'2018-09-18 20:55:00'","737321.87152778","1"
"'040078079'","'2018-09-18 20:55:00'","737321.87152778","1"
"'040069063'","'2018-09-18 20:55:00'","737321.87152778","1"
"'040077948'","'2018-09-18 20:55:00'","737321.87152778","2"
"'040056208'","'2018-09-18 20:50:00'","737321.86805556","1"
"'040078051'","'2018-09-18 20:50:00'","737321.86805556","1"
"'040077950'","'2018-09-18 20:50:00'","737321.86805556","3"
"'040069137'","'2018-09-18 20:50:00'","737321.86805556","1"
"'040078097'","'2018-09-18 20:50:00'","737321.86805556","3"
"'040079460'","'2018-09-18 20:50:00'","737321.86805556","1"
"'040078079'","'2018-09-18 20:50:00'","737321.86805556","1"
"'040078084'","'2018-09-18 20:50:00'","737321.86805556","1"
"'040077942'","'2018-09-18 20:50:00'","737321.86805556","1"
"'040069137'","'2018-09-18 20:45:00'","737321.86458333","1"
"'040079460'","'2018-09-18 20:45:00'","737321.86458333","1"
"'040077960'","'2018-09-18 20:45:00'","737321.86458333","2"
"'040077950'","'2018-09-18 20:45:00'","737321.86458333","2"
"'040078097'","'2018-09-18 20:20:00'","737321.84722222","5"
"'040078092'","'2018-09-18 20:20:00'","737321.84722222","1"
"'040078048'","'2018-09-18 20:20:00'","737321.84722222","1"
"'040077688'","'2018-09-18 20:20:00'","737321.84722222","1"
"'040077960'","'2018-09-18 20:20:00'","737321.84722222","2"
"'040078079'","'2018-09-18 20:20:00'","737321.84722222","2"
"'040078051'","'2018-09-18 20:20:00'","737321.84722222","2"
"'040077950'","'2018-09-18 20:20:00'","737321.84722222","2"
"'040078055'","'2018-09-18 20:20:00'","737321.84722222","3"
"'040077950'","'2018-09-18 20:15:00'","737321.84375","5"
"'040078043'","'2018-09-18 20:15:00'","737321.84375","1"
"'040078055'","'2018-09-18 20:15:00'","737321.84375","1"
"'040069137'","'2018-09-18 20:15:00'","737321.84375","2"
"'040078079'","'2018-09-18 20:15:00'","737321.84375","3"
"'040079460'","'2018-09-18 20:15:00'","737321.84375","1"
"'040078097'","'2018-09-18 20:15:00'","737321.84375","6"
"'040077960'","'2018-09-18 20:15:00'","737321.84375","3"
"'040078092'","'2018-09-18 20:15:00'","737321.84375","1"
"'040078040'","'2018-09-18 20:10:00'","737321.84027778","1"
"'040077950'","'2018-09-18 20:10:00'","737321.84027778","1"
"'040078097'","'2018-09-18 20:10:00'","737321.84027778","4"
"'040056208'","'2018-09-18 20:10:00'","737321.84027778","1"
"'040078043'","'2018-09-18 20:10:00'","737321.84027778","1"
"'040078060'","'2018-09-18 20:05:00'","737321.83680556","1"
"'040078095'","'2018-09-18 20:05:00'","737321.83680556","1"
"'040078097'","'2018-09-18 20:05:00'","737321.83680556","3"
"'040077964'","'2018-09-18 19:55:00'","737321.82986111","1"
"'040077942'","'2018-09-18 19:55:00'","737321.82986111","1"
"'040077950'","'2018-09-18 19:50:00'","737321.82638889","1"
"'040078056'","'2018-09-18 19:50:00'","737321.82638889","1"
"'040078081'","'2018-09-18 19:50:00'","737321.82638889","1"
"'040056208'","'2018-09-18 19:50:00'","737321.82638889","1"
"'040078097'","'2018-09-18 19:50:00'","737321.82638889","1"
"'040078097'","'2018-09-18 19:45:00'","737321.82291667","1"
"'040078056'","'2018-09-18 19:45:00'","737321.82291667","2"
"'040078056'","'2018-09-18 19:40:00'","737321.81944444","3"
"'040077950'","'2018-09-18 19:35:00'","737321.81597222","1"
"'040078092'","'2018-09-18 19:35:00'","737321.81597222","2"
"'040078097'","'2018-09-18 19:35:00'","737321.81597222","1"
"'040078056'","'2018-09-18 19:35:00'","737321.81597222","1"
"'040078048'","'2018-09-17 21:00:00'","737320.875","1"
"'040077950'","'2018-09-17 21:00:00'","737320.875","4"
"'040078051'","'2018-09-17 21:00:00'","737320.875","1"
"'040078095'","'2018-09-17 21:00:00'","737320.875","2"
"'040077950'","'2018-09-17 20:55:00'","737320.87152778","1"
"'040078051'","'2018-09-17 20:55:00'","737320.87152778","1"
"'040078043'","'2018-09-17 20:55:00'","737320.87152778","1"
"'040078097'","'2018-09-17 20:55:00'","737320.87152778","3"
"'040078060'","'2018-09-17 20:55:00'","737320.87152778","1"
"'040078095'","'2018-09-17 20:50:00'","737320.86805556","1"
"'040056208'","'2018-09-17 20:50:00'","737320.86805556","1"
"'040077964'","'2018-09-17 20:50:00'","737320.86805556","2"
"'040078097'","'2018-09-17 20:50:00'","737320.86805556","1"
"'040078097'","'2018-09-17 20:45:00'","737320.86458333","1"
"'040079460'","'2018-09-17 20:40:00'","737320.86111111","1"
"'040077960'","'2018-09-17 20:40:00'","737320.86111111","1"
"'040078095'","'2018-09-17 20:40:00'","737320.86111111","1"
"'040077950'","'2018-09-17 20:40:00'","737320.86111111","2"
"'040078079'","'2018-09-17 20:40:00'","737320.86111111","1"
"'040069137'","'2018-09-17 20:35:00'","737320.85763889","1"
"'040077950'","'2018-09-17 20:35:00'","737320.85763889","1"
"'040078097'","'2018-09-17 20:35:00'","737320.85763889","1"
"'040069137'","'2018-09-17 20:30:00'","737320.85416667","1"
"'040078097'","'2018-09-17 20:25:00'","737320.85069444","3"
"'040078056'","'2018-09-17 20:20:00'","737320.84722222","1"
"'040056207'","'2018-09-17 20:20:00'","737320.84722222","2"
"'040078092'","'2018-09-17 20:20:00'","737320.84722222","4"
"'040056208'","'2018-09-17 20:20:00'","737320.84722222","1"
"'040078092'","'2018-09-17 20:15:00'","737320.84375","2"
"'040077950'","'2018-09-17 20:15:00'","737320.84375","1"
"'040078056'","'2018-09-17 20:15:00'","737320.84375","3"
"'040056207'","'2018-09-17 20:15:00'","737320.84375","2"
"'040056209'","'2018-09-17 20:15:00'","737320.84375","2"
"'040056208'","'2018-09-17 20:15:00'","737320.84375","2"
"'040078097'","'2018-09-17 20:10:00'","737320.84027778","1"
"'040077948'","'2018-09-17 19:55:00'","737320.82986111","2"
"'040077964'","'2018-09-17 19:50:00'","737320.82638889","1"
"'040077964'","'2018-09-17 19:45:00'","737320.82291667","1"
"'040077942'","'2018-09-17 19:40:00'","737320.81944444","1"
"'040077964'","'2018-09-17 19:40:00'","737320.81944444","1"
"'040077940'","'2018-09-15 01:30:00'","737318.0625","2"
"'040078092'","'2018-09-15 01:30:00'","737318.0625","1"
"'040078097'","'2018-09-15 01:30:00'","737318.0625","3"
"'040077688'","'2018-09-15 01:30:00'","737318.0625","2"
"'040078097'","'2018-09-15 01:25:00'","737318.05902778","1"
"'040078095'","'2018-09-15 01:25:00'","737318.05902778","4"
"'040077949'","'2018-09-15 01:25:00'","737318.05902778","4"
"'040078053'","'2018-09-15 01:25:00'","737318.05902778","1"
"'040077950'","'2018-09-15 01:25:00'","737318.05902778","1"
"'040056330'","'2018-09-15 01:20:00'","737318.05555556","1"
"'040078065'","'2018-09-15 01:20:00'","737318.05555556","1"
"'040078097'","'2018-09-15 01:20:00'","737318.05555556","1"
"'040078046'","'2018-09-15 01:20:00'","737318.05555556","1"
"'040077950'","'2018-09-15 01:20:00'","737318.05555556","1"
"'040077974'","'2018-09-15 01:20:00'","737318.05555556","1"
"'040077970'","'2018-09-15 01:15:00'","737318.05208333","1"
"'040077949'","'2018-09-15 01:15:00'","737318.05208333","1"
"'040078097'","'2018-09-15 01:15:00'","737318.05208333","2"
"'040078043'","'2018-09-15 01:15:00'","737318.05208333","2"
"'040079460'","'2018-09-15 01:15:00'","737318.05208333","1"
"'040078046'","'2018-09-15 01:15:00'","737318.05208333","2"
"'040078095'","'2018-09-15 01:15:00'","737318.05208333","1"
"'040077974'","'2018-09-15 01:15:00'","737318.05208333","1"
"'040078097'","'2018-09-15 01:10:00'","737318.04861111","4"
"'040078052'","'2018-09-15 01:10:00'","737318.04861111","1"
"'040079460'","'2018-09-15 01:10:00'","737318.04861111","4"
"'040078040'","'2018-09-15 01:10:00'","737318.04861111","2"
"'040078048'","'2018-09-15 01:10:00'","737318.04861111","1"
"'040069137'","'2018-09-15 01:10:00'","737318.04861111","3"
"'040056208'","'2018-09-15 01:10:00'","737318.04861111","2"
"'040077950'","'2018-09-15 01:10:00'","737318.04861111","3"
"'040056330'","'2018-09-15 01:10:00'","737318.04861111","1"
"'040078060'","'2018-09-15 01:10:00'","737318.04861111","1"
"'040078051'","'2018-09-15 01:10:00'","737318.04861111","2"
"'040077950'","'2018-09-15 01:05:00'","737318.04513889","2"
"'040078043'","'2018-09-15 01:05:00'","737318.04513889","2"
"'040078040'","'2018-09-15 01:05:00'","737318.04513889","2"
"'040077970'","'2018-09-15 01:05:00'","737318.04513889","1"
"'040078048'","'2018-09-15 01:05:00'","737318.04513889","1"
"'040077949'","'2018-09-15 01:05:00'","737318.04513889","2"
"'040079460'","'2018-09-15 01:05:00'","737318.04513889","1"
"'040078046'","'2018-09-15 01:00:00'","737318.04166667","1"
"'040077974'","'2018-09-15 01:00:00'","737318.04166667","1"
"'040077950'","'2018-09-15 01:00:00'","737318.04166667","1"
"'040079460'","'2018-09-15 00:40:00'","737318.02777778","2"
"'040077950'","'2018-09-15 00:40:00'","737318.02777778","1"
"'040078048'","'2018-09-15 00:40:00'","737318.02777778","2"
"'040078040'","'2018-09-15 00:40:00'","737318.02777778","1"
"'040077950'","'2018-09-15 00:35:00'","737318.02430556","1"
"'040078097'","'2018-09-15 00:35:00'","737318.02430556","5"
"'040078060'","'2018-09-15 00:35:00'","737318.02430556","3"
"'040056330'","'2018-09-15 00:35:00'","737318.02430556","1"
"'040077949'","'2018-09-15 00:30:00'","737318.02083333","2"
"'040077950'","'2018-09-15 00:30:00'","737318.02083333","1"
"'040079460'","'2018-09-15 00:30:00'","737318.02083333","4"
"'040077960'","'2018-09-15 00:30:00'","737318.02083333","2"
"'040078095'","'2018-09-15 00:30:00'","737318.02083333","3"
"'040078048'","'2018-09-15 00:30:00'","737318.02083333","1"
"'040078056'","'2018-09-15 00:25:00'","737318.01736111","1"
"'040078071'","'2018-09-15 00:25:00'","737318.01736111","1"
"'040079459'","'2018-09-15 00:25:00'","737318.01736111","2"
"'040078060'","'2018-09-15 00:25:00'","737318.01736111","3"
"'040077950'","'2018-09-15 00:25:00'","737318.01736111","1"
"'040056208'","'2018-09-15 00:20:00'","737318.01388889","1"
"'040079459'","'2018-09-15 00:20:00'","737318.01388889","1"
"'040078060'","'2018-09-15 00:20:00'","737318.01388889","1"
"'040078071'","'2018-09-15 00:20:00'","737318.01388889","2"
"'040056330'","'2018-09-15 00:20:00'","737318.01388889","2"
"'040078059'","'2018-09-15 00:20:00'","737318.01388889","1"
"'040069137'","'2018-09-15 00:20:00'","737318.01388889","1"
"'040078084'","'2018-09-15 00:20:00'","737318.01388889","1"
"'040078065'","'2018-09-15 00:20:00'","737318.01388889","2"
"'040077974'","'2018-09-15 00:15:00'","737318.01041667","1"
"'040077949'","'2018-09-15 00:15:00'","737318.01041667","1"
"'040078060'","'2018-09-15 00:15:00'","737318.01041667","1"
"'040078071'","'2018-09-15 00:15:00'","737318.01041667","2"
"'040078095'","'2018-09-15 00:15:00'","737318.01041667","2"
"'040077950'","'2018-09-15 00:15:00'","737318.01041667","1"
"'040056330'","'2018-09-15 00:10:00'","737318.00694444","1"
"'040078060'","'2018-09-15 00:10:00'","737318.00694444","3"
"'040077950'","'2018-09-15 00:10:00'","737318.00694444","1"
"'040078071'","'2018-09-15 00:10:00'","737318.00694444","2"
"'040077974'","'2018-09-15 00:05:00'","737318.00347222","1"
"'040077950'","'2018-09-15 00:05:00'","737318.00347222","3"
"'040078048'","'2018-09-15 00:05:00'","737318.00347222","1"
"'040077970'","'2018-09-15 00:05:00'","737318.00347222","1"
"'040078051'","'2018-09-15 00:05:00'","737318.00347222","1"
"'040078043'","'2018-09-15 00:05:00'","737318.00347222","2"
"'040079460'","'2018-09-15 00:05:00'","737318.00347222","1"
"'040078059'","'2018-09-15 00:05:00'","737318.00347222","1"
"'040078095'","'2018-09-15 00:05:00'","737318.00347222","1"
"'040077960'","'2018-09-15 00:05:00'","737318.00347222","1"
"'040078036'","'2018-09-15 00:05:00'","737318.00347222","1"
"'040078043'","'2018-09-15 00:00:00'","737318","1"
"'040077950'","'2018-09-15 00:00:00'","737318","1"
"'040077960'","'2018-09-15 00:00:00'","737318","1"
"'040079460'","'2018-09-15 00:00:00'","737318","1"
"'040078095'","'2018-09-15 00:00:00'","737318","1"
"'040078060'","'2018-09-15 00:00:00'","737318","2"
"'040078065'","'2018-09-15 00:00:00'","737318","1"
"'040077974'","'2018-09-15 00:00:00'","737318","2"
"'040056330'","'2018-09-15 00:00:00'","737318","2"
"'040078071'","'2018-09-15 00:00:00'","737318","3"
"'040078097'","'2018-09-14 23:55:00'","737317.99652778","3"
"'040077960'","'2018-09-14 23:55:00'","737317.99652778","1"
"'040056208'","'2018-09-14 23:55:00'","737317.99652778","1"
"'040077949'","'2018-09-14 23:55:00'","737317.99652778","1"
"'040078071'","'2018-09-14 23:55:00'","737317.99652778","1"
"'040078059'","'2018-09-14 23:55:00'","737317.99652778","1"
"'040069137'","'2018-09-14 23:55:00'","737317.99652778","1"
"'040078043'","'2018-09-14 23:50:00'","737317.99305556","1"
"'040078060'","'2018-09-14 23:50:00'","737317.99305556","1"
"'040056330'","'2018-09-14 23:50:00'","737317.99305556","1"
"'040078071'","'2018-09-14 23:50:00'","737317.99305556","2"
"'040079459'","'2018-09-14 23:50:00'","737317.99305556","1"
"'040079460'","'2018-09-14 23:50:00'","737317.99305556","1"
"'040069137'","'2018-09-14 23:50:00'","737317.99305556","3"
"'040077949'","'2018-09-14 23:50:00'","737317.99305556","1"
"'040077974'","'2018-09-14 23:50:00'","737317.99305556","2"
"'040069137'","'2018-09-14 23:45:00'","737317.98958333","2"
"'040078095'","'2018-09-14 23:45:00'","737317.98958333","1"
"'040077950'","'2018-09-14 23:45:00'","737317.98958333","1"
"'040078060'","'2018-09-14 23:45:00'","737317.98958333","1"
"'040056330'","'2018-09-14 23:45:00'","737317.98958333","1"
"'040078097'","'2018-09-14 23:45:00'","737317.98958333","1"
"'040077960'","'2018-09-14 23:45:00'","737317.98958333","1"
"'040078097'","'2018-09-14 23:40:00'","737317.98611111","1"
"'040078040'","'2018-09-14 23:40:00'","737317.98611111","4"
"'040078095'","'2018-09-14 23:40:00'","737317.98611111","3"
"'040056330'","'2018-09-14 23:40:00'","737317.98611111","1"
"'040077960'","'2018-09-14 23:40:00'","737317.98611111","6"
"'040078060'","'2018-09-14 23:40:00'","737317.98611111","2"
"'040078071'","'2018-09-14 23:40:00'","737317.98611111","1"
"'040078048'","'2018-09-14 23:40:00'","737317.98611111","2"
"'040077950'","'2018-09-14 23:40:00'","737317.98611111","4"
"'040078051'","'2018-09-14 23:40:00'","737317.98611111","1"
"'040077949'","'2018-09-14 23:40:00'","737317.98611111","2"
"'040056208'","'2018-09-14 23:35:00'","737317.98263889","2"
"'040069137'","'2018-09-14 23:35:00'","737317.98263889","2"
"'040078060'","'2018-09-14 23:35:00'","737317.98263889","4"
"'040078071'","'2018-09-14 23:35:00'","737317.98263889","5"
"'040078097'","'2018-09-14 23:35:00'","737317.98263889","2"
"'040078059'","'2018-09-14 23:35:00'","737317.98263889","1"
"'040056330'","'2018-09-14 23:35:00'","737317.98263889","5"
"'040079460'","'2018-09-14 23:30:00'","737317.97916667","1"
"'040078043'","'2018-09-14 23:30:00'","737317.97916667","1"
"'040077950'","'2018-09-14 23:30:00'","737317.97916667","1"
"'040069137'","'2018-09-14 22:55:00'","737317.95486111","1"
"'040077964'","'2018-09-13 22:00:00'","737316.91666667","1"
"'040078053'","'2018-09-13 22:00:00'","737316.91666667","1"
"'040077942'","'2018-09-13 21:55:00'","737316.91319444","1"
"'040078080'","'2018-09-13 21:55:00'","737316.91319444","1"
"'040078086'","'2018-09-13 21:55:00'","737316.91319444","1"
"'040077948'","'2018-09-13 21:55:00'","737316.91319444","1"
"'040056203'","'2018-09-13 21:55:00'","737316.91319444","1"
"'040077964'","'2018-09-13 21:55:00'","737316.91319444","2"
"'040077942'","'2018-09-13 21:50:00'","737316.90972222","1"
"'040077964'","'2018-09-13 21:50:00'","737316.90972222","1"
"'040078074'","'2018-09-13 21:50:00'","737316.90972222","1"
"'040077688'","'2018-09-13 21:45:00'","737316.90625","1"
"'040078062'","'2018-09-13 21:45:00'","737316.90625","1"
"'040078092'","'2018-09-13 21:45:00'","737316.90625","1"
"'040077969'","'2018-09-13 21:45:00'","737316.90625","3"
"'040078068'","'2018-09-13 21:45:00'","737316.90625","2"
"'040077964'","'2018-09-13 21:45:00'","737316.90625","4"
"'040077942'","'2018-09-13 21:35:00'","737316.89930556","1"
"'040077964'","'2018-09-13 21:35:00'","737316.89930556","1"
"'040077948'","'2018-09-13 21:35:00'","737316.89930556","2"
"'040077971'","'2018-09-13 21:35:00'","737316.89930556","1"
"'040078068'","'2018-09-13 21:35:00'","737316.89930556","2"
"'040077944'","'2018-09-13 21:30:00'","737316.89583333","1"
"'040078053'","'2018-09-13 21:30:00'","737316.89583333","1"
"'040078092'","'2018-09-13 21:30:00'","737316.89583333","1"
"'040078092'","'2018-09-13 21:25:00'","737316.89236111","1"
"'040078081'","'2018-09-13 21:25:00'","737316.89236111","1"
"'040078064'","'2018-09-13 21:25:00'","737316.89236111","1"
"'040078072'","'2018-09-13 21:25:00'","737316.89236111","1"
"'040078086'","'2018-09-13 21:25:00'","737316.89236111","2"
"'040077964'","'2018-09-13 21:20:00'","737316.88888889","2"
"'040078066'","'2018-09-13 21:20:00'","737316.88888889","2"
"'040077948'","'2018-09-13 21:15:00'","737316.88541667","1"
"'040078074'","'2018-09-13 21:15:00'","737316.88541667","2"
"'040069063'","'2018-09-13 21:15:00'","737316.88541667","1"
"'040078053'","'2018-09-13 21:15:00'","737316.88541667","2"
"'040077964'","'2018-09-13 21:15:00'","737316.88541667","2"
"'040078092'","'2018-09-13 21:15:00'","737316.88541667","1"
"'040077942'","'2018-09-13 21:15:00'","737316.88541667","1"
"'040077971'","'2018-09-13 21:15:00'","737316.88541667","1"
"'040077688'","'2018-09-13 21:10:00'","737316.88194444","1"
"'040077942'","'2018-09-13 21:10:00'","737316.88194444","1"
"'040078053'","'2018-09-13 21:10:00'","737316.88194444","1"
"'040078092'","'2018-09-13 21:10:00'","737316.88194444","1"
"'040077964'","'2018-09-13 21:05:00'","737316.87847222","3"
"'040077969'","'2018-09-13 21:05:00'","737316.87847222","1"
"'040077942'","'2018-09-13 21:05:00'","737316.87847222","2"
"'040077971'","'2018-09-13 21:05:00'","737316.87847222","2"
"'040078086'","'2018-09-13 21:05:00'","737316.87847222","1"
"'040078055'","'2018-09-13 21:05:00'","737316.87847222","1"
"'040077688'","'2018-09-13 21:05:00'","737316.87847222","1"
"'040078068'","'2018-09-13 21:00:00'","737316.875","1"
"'040077964'","'2018-09-13 21:00:00'","737316.875","1"
"'040077950'","'2018-09-13 20:05:00'","737316.83680556","1"
"'040078058'","'2018-09-13 19:00:00'","737316.79166667","1"
"'040078040'","'2018-09-12 20:55:00'","737315.87152778","1"
"'040078048'","'2018-09-12 20:55:00'","737315.87152778","1"
"'040079460'","'2018-09-12 20:55:00'","737315.87152778","1"
"'040078092'","'2018-09-12 20:55:00'","737315.87152778","1"
"'040078092'","'2018-09-12 20:50:00'","737315.86805556","1"
"'040077950'","'2018-09-12 20:45:00'","737315.86458333","2"
"'040077688'","'2018-09-12 20:45:00'","737315.86458333","1"
"'040077960'","'2018-09-12 20:45:00'","737315.86458333","2"
"'040078095'","'2018-09-12 20:45:00'","737315.86458333","1"
"'040078092'","'2018-09-12 20:45:00'","737315.86458333","2"
"'040078092'","'2018-09-12 20:40:00'","737315.86111111","1"
"'040078075'","'2018-09-12 20:40:00'","737315.86111111","2"
"'040077948'","'2018-09-12 20:40:00'","737315.86111111","1"
"'040078046'","'2018-09-12 20:40:00'","737315.86111111","1"
"'040078095'","'2018-09-12 20:40:00'","737315.86111111","1"
"'040077942'","'2018-09-12 20:10:00'","737315.84027778","1"
"'040078078'","'2018-09-12 20:10:00'","737315.84027778","1"
"'040077969'","'2018-09-12 20:10:00'","737315.84027778","3"
"'040078092'","'2018-09-12 20:10:00'","737315.84027778","1"
"'040077948'","'2018-09-12 20:05:00'","737315.83680556","1"
"'040078038'","'2018-09-12 20:05:00'","737315.83680556","1"
"'040077960'","'2018-09-12 20:05:00'","737315.83680556","2"
"'040078092'","'2018-09-12 20:05:00'","737315.83680556","2"
"'040078071'","'2018-09-12 20:05:00'","737315.83680556","1"
"'040077969'","'2018-09-12 20:05:00'","737315.83680556","1"
"'040078078'","'2018-09-12 20:05:00'","737315.83680556","1"
"'040077950'","'2018-09-12 20:05:00'","737315.83680556","2"
"'040078064'","'2018-09-12 20:00:00'","737315.83333333","2"
"'040079460'","'2018-09-12 19:55:00'","737315.82986111","1"
"'040078092'","'2018-09-12 19:55:00'","737315.82986111","1"
"'040077970'","'2018-09-12 19:55:00'","737315.82986111","1"
"'040077950'","'2018-09-12 19:55:00'","737315.82986111","1"
"'040077688'","'2018-09-12 19:55:00'","737315.82986111","4"
"'040077971'","'2018-09-12 19:55:00'","737315.82986111","1"
"'040077688'","'2018-09-12 19:50:00'","737315.82638889","2"
"'040078046'","'2018-09-12 19:50:00'","737315.82638889","1"
"'040077974'","'2018-09-12 19:50:00'","737315.82638889","1"
"'040079460'","'2018-09-12 19:50:00'","737315.82638889","2"
"'040077950'","'2018-09-12 19:50:00'","737315.82638889","1"
"'040056207'","'2018-09-12 19:30:00'","737315.8125","1"
"'040056211'","'2018-09-12 19:30:00'","737315.8125","3"
"'040077973'","'2018-09-12 19:30:00'","737315.8125","1"
"'040078042'","'2018-09-12 19:30:00'","737315.8125","2"
"'040056209'","'2018-09-12 19:25:00'","737315.80902778","1"
"'040078042'","'2018-09-12 19:25:00'","737315.80902778","1"
"'040056208'","'2018-09-12 19:25:00'","737315.80902778","4"
"'040056207'","'2018-09-12 19:25:00'","737315.80902778","2"
"'040078092'","'2018-09-12 19:25:00'","737315.80902778","4"
"'040056208'","'2018-09-12 19:20:00'","737315.80555556","2"
"'040078092'","'2018-09-12 19:20:00'","737315.80555556","1"
"'040078059'","'2018-09-12 19:20:00'","737315.80555556","1"
"'040078042'","'2018-09-12 19:20:00'","737315.80555556","1"
"'040078071'","'2018-09-12 19:20:00'","737315.80555556","1"
"'040078046'","'2018-09-12 19:15:00'","737315.80208333","1"
"'040056208'","'2018-09-12 19:15:00'","737315.80208333","2"
"'040078042'","'2018-09-12 19:15:00'","737315.80208333","4"
"'040056211'","'2018-09-12 19:15:00'","737315.80208333","2"
"'040077943'","'2018-09-12 19:15:00'","737315.80208333","1"
"'040078048'","'2018-09-12 19:15:00'","737315.80208333","1"
"'040078056'","'2018-09-12 19:15:00'","737315.80208333","1"
"'040078092'","'2018-09-12 19:10:00'","737315.79861111","1"
"'040077688'","'2018-09-12 19:00:00'","737315.79166667","1"
"'040077942'","'2018-09-12 19:00:00'","737315.79166667","1"
"'040078041'","'2018-09-12 19:00:00'","737315.79166667","1"
"'040077964'","'2018-09-12 19:00:00'","737315.79166667","1"
"'040078074'","'2018-09-12 19:00:00'","737315.79166667","1"
"'040078080'","'2018-09-12 18:55:00'","737315.78819444","1"
"'040077964'","'2018-09-12 18:55:00'","737315.78819444","2"
"'040078092'","'2018-09-12 18:55:00'","737315.78819444","1"
"'040077948'","'2018-09-12 18:55:00'","737315.78819444","1"
"'040077971'","'2018-09-12 18:55:00'","737315.78819444","2"
"'040077688'","'2018-09-12 18:50:00'","737315.78472222","1"
"'040078074'","'2018-09-12 18:50:00'","737315.78472222","2"
"'040078043'","'2018-09-11 21:35:00'","737314.89930556","1"
"'040078054'","'2018-09-11 21:30:00'","737314.89583333","1"
"'040077948'","'2018-09-11 21:30:00'","737314.89583333","1"
"'040078078'","'2018-09-11 21:30:00'","737314.89583333","1"
"'040082095'","'2018-09-11 21:30:00'","737314.89583333","1"
"'040078046'","'2018-09-11 21:30:00'","737314.89583333","1"
"'040078051'","'2018-09-11 21:30:00'","737314.89583333","1"
"'040077970'","'2018-09-11 21:30:00'","737314.89583333","1"
"'040069063'","'2018-09-11 21:15:00'","737314.88541667","2"
"'040078095'","'2018-09-11 21:15:00'","737314.88541667","1"
"'040078095'","'2018-09-11 21:10:00'","737314.88194444","2"
"'040078092'","'2018-09-11 21:10:00'","737314.88194444","1"
"'040077960'","'2018-09-11 21:10:00'","737314.88194444","1"
"'040077950'","'2018-09-11 21:10:00'","737314.88194444","4"
"'040069063'","'2018-09-11 21:10:00'","737314.88194444","1"
"'040077950'","'2018-09-11 20:45:00'","737314.86458333","1"
"'040079551'","'2018-09-11 20:40:00'","737314.86111111","1"
"'040077974'","'2018-09-11 20:40:00'","737314.86111111","1"
"'040077970'","'2018-09-11 20:40:00'","737314.86111111","1"
"'040078068'","'2018-09-11 20:40:00'","737314.86111111","1"
"'040077950'","'2018-09-11 20:40:00'","737314.86111111","2"
"'040077964'","'2018-09-11 20:40:00'","737314.86111111","4"
"'040078068'","'2018-09-11 20:35:00'","737314.85763889","1"
"'040077970'","'2018-09-11 20:35:00'","737314.85763889","2"
"'040077950'","'2018-09-11 20:35:00'","737314.85763889","2"
"'040077964'","'2018-09-11 20:35:00'","737314.85763889","4"
"'040078078'","'2018-09-11 20:25:00'","737314.85069444","1"
"'040077960'","'2018-09-11 20:25:00'","737314.85069444","1"
"'040078062'","'2018-09-11 20:25:00'","737314.85069444","1"
"'040077950'","'2018-09-11 20:25:00'","737314.85069444","2"
"'040078092'","'2018-09-11 20:25:00'","737314.85069444","1"
"'040077960'","'2018-09-11 20:20:00'","737314.84722222","1"
"'040077950'","'2018-09-11 20:20:00'","737314.84722222","2"
"'040077969'","'2018-09-11 20:20:00'","737314.84722222","1"
"'040079460'","'2018-09-11 20:20:00'","737314.84722222","1"
"'040077964'","'2018-09-11 20:20:00'","737314.84722222","1"
"'040077971'","'2018-09-11 20:20:00'","737314.84722222","2"
"'040078048'","'2018-09-11 20:20:00'","737314.84722222","1"
"'040078068'","'2018-09-11 19:55:00'","737314.82986111","2"
"'040079551'","'2018-09-11 19:55:00'","737314.82986111","1"
"'040077964'","'2018-09-11 19:55:00'","737314.82986111","2"
"'040077960'","'2018-09-11 19:55:00'","737314.82986111","1"
"'040078092'","'2018-09-11 19:55:00'","737314.82986111","1"
"'040078095'","'2018-09-11 19:50:00'","737314.82638889","1"
"'040078092'","'2018-09-11 19:50:00'","737314.82638889","6"
"'040078038'","'2018-09-11 19:50:00'","737314.82638889","1"
"'040077971'","'2018-09-11 19:50:00'","737314.82638889","1"
"'040078048'","'2018-09-11 19:45:00'","737314.82291667","2"
"'040078095'","'2018-09-11 19:45:00'","737314.82291667","2"
"'040077937'","'2018-09-11 19:45:00'","737314.82291667","1"
"'040078046'","'2018-09-11 19:45:00'","737314.82291667","1"
"'040078092'","'2018-09-11 19:40:00'","737314.81944444","1"
"'040077960'","'2018-09-11 19:40:00'","737314.81944444","1"
"'040078058'","'2018-09-11 12:30:00'","737314.52083333","1"
"'040077969'","'2018-09-10 20:35:00'","737313.85763889","1"
"'040077950'","'2018-09-10 20:35:00'","737313.85763889","1"
"'040078079'","'2018-09-10 20:35:00'","737313.85763889","1"
"'040078071'","'2018-09-10 20:35:00'","737313.85763889","1"
"'040077949'","'2018-09-10 20:35:00'","737313.85763889","1"
"'040078065'","'2018-09-10 20:30:00'","737313.85416667","1"
"'040078046'","'2018-09-10 20:30:00'","737313.85416667","2"
"'040078071'","'2018-09-10 20:30:00'","737313.85416667","1"
"'040078064'","'2018-09-10 20:30:00'","737313.85416667","1"
"'040077940'","'2018-09-10 20:30:00'","737313.85416667","1"
"'040078078'","'2018-09-10 20:30:00'","737313.85416667","1"
"'040079459'","'2018-09-10 20:30:00'","737313.85416667","2"
"'040069137'","'2018-09-10 20:15:00'","737313.84375","2"
"'040078046'","'2018-09-10 20:05:00'","737313.83680556","1"
"'040077964'","'2018-09-10 20:00:00'","737313.83333333","1"
"'040078068'","'2018-09-10 19:45:00'","737313.82291667","2"
"'040077942'","'2018-09-10 19:45:00'","737313.82291667","1"
"'040077964'","'2018-09-10 19:45:00'","737313.82291667","1"
"'040077964'","'2018-09-10 19:40:00'","737313.81944444","2"
"'040079460'","'2018-09-08 01:40:00'","737311.06944444","1"
"'040077940'","'2018-09-08 01:40:00'","737311.06944444","1"
"'040078060'","'2018-09-08 01:40:00'","737311.06944444","1"
"'040056330'","'2018-09-08 01:40:00'","737311.06944444","1"
"'040078097'","'2018-09-08 01:40:00'","737311.06944444","1"
"'040078071'","'2018-09-08 01:40:00'","737311.06944444","1"
"'040078079'","'2018-09-08 01:40:00'","737311.06944444","1"
"'040077974'","'2018-09-08 01:40:00'","737311.06944444","1"
"'040078079'","'2018-09-08 01:35:00'","737311.06597222","1"
"'040077950'","'2018-09-08 01:35:00'","737311.06597222","2"
"'040077940'","'2018-09-08 01:35:00'","737311.06597222","2"
"'040078060'","'2018-09-08 01:35:00'","737311.06597222","1"
"'040082100'","'2018-09-08 01:35:00'","737311.06597222","2"
"'040056330'","'2018-09-08 01:35:00'","737311.06597222","1"
"'040078060'","'2018-09-08 01:30:00'","737311.0625","1"
"'040079460'","'2018-09-08 01:30:00'","737311.0625","1"
"'040056330'","'2018-09-08 01:30:00'","737311.0625","3"
"'040069076'","'2018-09-08 01:30:00'","737311.0625","1"
"'040077940'","'2018-09-08 01:30:00'","737311.0625","1"
"'040077950'","'2018-09-08 01:30:00'","737311.0625","2"
"'040078097'","'2018-09-08 01:30:00'","737311.0625","2"
"'040077949'","'2018-09-08 01:30:00'","737311.0625","1"
"'040078048'","'2018-09-08 01:30:00'","737311.0625","1"
"'040078071'","'2018-09-08 01:30:00'","737311.0625","1"
"'040079460'","'2018-09-08 01:25:00'","737311.05902778","1"
"'040078097'","'2018-09-08 01:25:00'","737311.05902778","2"
"'040077950'","'2018-09-08 01:25:00'","737311.05902778","2"
"'040078071'","'2018-09-08 01:25:00'","737311.05902778","1"
"'040078095'","'2018-09-08 01:25:00'","737311.05902778","1"
"'040078060'","'2018-09-08 01:25:00'","737311.05902778","2"
"'040077960'","'2018-09-08 01:20:00'","737311.05555556","1"
"'040078048'","'2018-09-08 01:20:00'","737311.05555556","2"
"'040079460'","'2018-09-08 01:20:00'","737311.05555556","1"
"'040077950'","'2018-09-08 01:20:00'","737311.05555556","3"
"'040078085'","'2018-09-08 01:15:00'","737311.05208333","1"
"'040078097'","'2018-09-08 01:15:00'","737311.05208333","1"
"'040056208'","'2018-09-08 01:15:00'","737311.05208333","1"
"'040056330'","'2018-09-08 01:15:00'","737311.05208333","2"
"'040078071'","'2018-09-08 01:15:00'","737311.05208333","2"
"'040077950'","'2018-09-08 01:10:00'","737311.04861111","1"
"'040078060'","'2018-09-08 01:10:00'","737311.04861111","1"
"'040078085'","'2018-09-08 01:10:00'","737311.04861111","1"
"'040078040'","'2018-09-08 01:10:00'","737311.04861111","2"
"'040077974'","'2018-09-08 01:10:00'","737311.04861111","1"
"'040069137'","'2018-09-08 01:10:00'","737311.04861111","1"
"'040056208'","'2018-09-08 01:10:00'","737311.04861111","1"
"'040069076'","'2018-09-08 01:10:00'","737311.04861111","1"
"'040079460'","'2018-09-08 01:10:00'","737311.04861111","1"
"'040078097'","'2018-09-08 01:10:00'","737311.04861111","2"
"'040056330'","'2018-09-08 01:10:00'","737311.04861111","1"
"'040069137'","'2018-09-08 01:05:00'","737311.04513889","1"
"'040077950'","'2018-09-08 01:05:00'","737311.04513889","1"
"'040078071'","'2018-09-08 01:05:00'","737311.04513889","3"
"'040056208'","'2018-09-08 01:05:00'","737311.04513889","2"
"'040078040'","'2018-09-08 01:05:00'","737311.04513889","1"
"'040078036'","'2018-09-08 01:05:00'","737311.04513889","1"
"'040077949'","'2018-09-08 01:05:00'","737311.04513889","1"
"'040078065'","'2018-09-08 01:00:00'","737311.04166667","2"
"'040077950'","'2018-09-08 01:00:00'","737311.04166667","1"
"'040079460'","'2018-09-08 01:00:00'","737311.04166667","1"
"'040078060'","'2018-09-08 01:00:00'","737311.04166667","2"
"'040077949'","'2018-09-08 01:00:00'","737311.04166667","1"
"'040081036'","'2018-09-08 01:00:00'","737311.04166667","1"
"'040078097'","'2018-09-08 01:00:00'","737311.04166667","3"
"'040069076'","'2018-09-08 01:00:00'","737311.04166667","1"
"'040078071'","'2018-09-08 01:00:00'","737311.04166667","2"
"'040078095'","'2018-09-08 01:00:00'","737311.04166667","1"
"'040078052'","'2018-09-08 00:55:00'","737311.03819444","1"
"'040077949'","'2018-09-08 00:55:00'","737311.03819444","1"
"'040077950'","'2018-09-08 00:55:00'","737311.03819444","2"
"'040078060'","'2018-09-08 00:55:00'","737311.03819444","1"
"'040078040'","'2018-09-08 00:55:00'","737311.03819444","1"
"'040078051'","'2018-09-08 00:55:00'","737311.03819444","1"
"'040078071'","'2018-09-08 00:55:00'","737311.03819444","1"
"'040078095'","'2018-09-08 00:55:00'","737311.03819444","1"
"'040078071'","'2018-09-08 00:50:00'","737311.03472222","1"
"'040056208'","'2018-09-08 00:50:00'","737311.03472222","1"
"'040078048'","'2018-09-08 00:50:00'","737311.03472222","1"
"'040069137'","'2018-09-08 00:50:00'","737311.03472222","1"
"'040078040'","'2018-09-08 00:50:00'","737311.03472222","1"
"'040078097'","'2018-09-08 00:50:00'","737311.03472222","1"
"'040077950'","'2018-09-08 00:50:00'","737311.03472222","1"
"'040056330'","'2018-09-08 00:45:00'","737311.03125","1"
"'040078071'","'2018-09-08 00:45:00'","737311.03125","3"
"'040078097'","'2018-09-08 00:45:00'","737311.03125","2"
"'040078095'","'2018-09-08 00:45:00'","737311.03125","1"
"'040056208'","'2018-09-08 00:45:00'","737311.03125","1"
"'040077950'","'2018-09-08 00:20:00'","737311.01388889","1"
"'040078043'","'2018-09-08 00:20:00'","737311.01388889","1"
"'040078043'","'2018-09-08 00:15:00'","737311.01041667","1"
"'040056208'","'2018-09-08 00:15:00'","737311.01041667","1"
"'040078060'","'2018-09-08 00:15:00'","737311.01041667","1"
"'040069137'","'2018-09-08 00:15:00'","737311.01041667","1"
"'040078097'","'2018-09-08 00:15:00'","737311.01041667","1"
"'040077949'","'2018-09-08 00:15:00'","737311.01041667","1"
"'040079460'","'2018-09-08 00:10:00'","737311.00694444","1"
"'040078097'","'2018-09-08 00:10:00'","737311.00694444","1"
"'040078084'","'2018-09-08 00:10:00'","737311.00694444","1"
"'040077950'","'2018-09-08 00:10:00'","737311.00694444","1"
"'040069137'","'2018-09-08 00:10:00'","737311.00694444","2"
"'040056208'","'2018-09-08 00:10:00'","737311.00694444","1"
"'040078048'","'2018-09-08 00:10:00'","737311.00694444","1"
"'040078071'","'2018-09-08 00:10:00'","737311.00694444","1"
"'040079460'","'2018-09-08 00:05:00'","737311.00347222","1"
"'040078071'","'2018-09-08 00:05:00'","737311.00347222","3"
"'040078060'","'2018-09-08 00:05:00'","737311.00347222","2"
"'040056330'","'2018-09-08 00:05:00'","737311.00347222","1"
"'040077950'","'2018-09-08 00:05:00'","737311.00347222","2"
"'040069137'","'2018-09-08 00:05:00'","737311.00347222","1"
"'040077962'","'2018-09-08 00:05:00'","737311.00347222","1"
"'040078043'","'2018-09-08 00:05:00'","737311.00347222","1"
"'040077950'","'2018-09-08 00:00:00'","737311","4"
"'040079460'","'2018-09-08 00:00:00'","737311","1"
"'040078095'","'2018-09-08 00:00:00'","737311","1"
"'040078043'","'2018-09-08 00:00:00'","737311","2"
"'040078040'","'2018-09-08 00:00:00'","737311","1"
"'040077949'","'2018-09-08 00:00:00'","737311","1"
"'040078052'","'2018-09-08 00:00:00'","737311","1"
"'040077935'","'2018-09-07 23:55:00'","737310.99652778","3"
"'040056330'","'2018-09-07 23:55:00'","737310.99652778","1"
"'040078043'","'2018-09-07 23:55:00'","737310.99652778","1"
"'040078060'","'2018-09-07 23:55:00'","737310.99652778","1"
"'040077960'","'2018-09-07 23:55:00'","737310.99652778","1"
"'040069137'","'2018-09-07 23:55:00'","737310.99652778","1"
"'040078071'","'2018-09-07 23:55:00'","737310.99652778","1"
"'040077962'","'2018-09-07 23:55:00'","737310.99652778","3"
"'040077950'","'2018-09-07 23:55:00'","737310.99652778","2"
"'040077949'","'2018-09-07 23:50:00'","737310.99305556","1"
"'040078040'","'2018-09-07 23:50:00'","737310.99305556","1"
"'040079460'","'2018-09-07 23:50:00'","737310.99305556","1"
"'040077962'","'2018-09-07 23:50:00'","737310.99305556","1"
"'040069137'","'2018-09-07 23:50:00'","737310.99305556","1"
"'040078087'","'2018-09-07 23:50:00'","737310.99305556","1"
"'040078043'","'2018-09-07 23:50:00'","737310.99305556","3"
"'040069137'","'2018-09-07 23:45:00'","737310.98958333","3"
"'040078071'","'2018-09-07 23:45:00'","737310.98958333","3"
"'040077935'","'2018-09-07 23:45:00'","737310.98958333","1"
"'040078095'","'2018-09-07 23:45:00'","737310.98958333","1"
"'040077962'","'2018-09-07 23:45:00'","737310.98958333","1"
"'040078060'","'2018-09-07 23:45:00'","737310.98958333","3"
"'040056330'","'2018-09-07 23:45:00'","737310.98958333","3"
"'040056330'","'2018-09-07 23:40:00'","737310.98611111","1"
"'040078043'","'2018-09-07 23:40:00'","737310.98611111","2"
"'040077970'","'2018-09-07 23:40:00'","737310.98611111","1"
"'040077960'","'2018-09-07 23:40:00'","737310.98611111","1"
"'040078060'","'2018-09-07 23:40:00'","737310.98611111","1"
"'040079460'","'2018-09-07 23:40:00'","737310.98611111","1"
"'040069137'","'2018-09-07 23:40:00'","737310.98611111","1"
"'040078051'","'2018-09-07 23:40:00'","737310.98611111","2"
"'040077950'","'2018-09-07 23:40:00'","737310.98611111","5"
"'040077949'","'2018-09-07 23:40:00'","737310.98611111","4"
"'040078040'","'2018-09-07 23:40:00'","737310.98611111","1"
"'040078048'","'2018-09-07 23:40:00'","737310.98611111","2"
"'040077974'","'2018-09-07 23:40:00'","737310.98611111","1"
"'040069137'","'2018-09-07 23:35:00'","737310.98263889","6"
"'040078071'","'2018-09-07 23:35:00'","737310.98263889","3"
"'040077935'","'2018-09-07 23:35:00'","737310.98263889","1"
"'040056330'","'2018-09-07 23:35:00'","737310.98263889","3"
"'040056208'","'2018-09-07 23:35:00'","737310.98263889","1"
"'040077962'","'2018-09-07 23:35:00'","737310.98263889","2"
"'040077950'","'2018-09-07 23:30:00'","737310.97916667","1"
"'040056330'","'2018-09-07 23:30:00'","737310.97916667","1"
"'040056208'","'2018-09-07 23:30:00'","737310.97916667","2"
"'040078071'","'2018-09-07 23:30:00'","737310.97916667","1"
"'040078095'","'2018-09-07 23:30:00'","737310.97916667","1"
"'040069137'","'2018-09-07 23:30:00'","737310.97916667","3"
"'040078046'","'2018-09-07 23:30:00'","737310.97916667","1"
"'040078065'","'2018-09-07 23:30:00'","737310.97916667","2"
"'040078071'","'2018-09-07 23:00:00'","737310.95833333","2"
"'040077950'","'2018-09-07 22:55:00'","737310.95486111","1"
"'040078071'","'2018-09-07 22:55:00'","737310.95486111","1"
"'040069137'","'2018-09-07 22:55:00'","737310.95486111","1"
"'040078058'","'2018-09-06 20:15:00'","737309.84375","1"
"'040078058'","'2018-09-06 18:45:00'","737309.78125","1"
"'040078086'","'2018-09-05 21:35:00'","737308.89930556","1"
"'040078064'","'2018-09-05 21:30:00'","737308.89583333","1"
"'040077964'","'2018-09-05 21:30:00'","737308.89583333","1"
"'040078055'","'2018-09-05 21:25:00'","737308.89236111","1"
"'040077964'","'2018-09-05 21:25:00'","737308.89236111","1"
"'040077969'","'2018-09-05 21:25:00'","737308.89236111","1"
"'040077971'","'2018-09-05 21:15:00'","737308.88541667","1"
"'040077964'","'2018-09-05 21:15:00'","737308.88541667","1"
"'040077950'","'2018-09-05 21:15:00'","737308.88541667","1"
"'040078079'","'2018-09-05 21:10:00'","737308.88194444","1"
"'040078079'","'2018-09-05 21:05:00'","737308.87847222","1"
"'040078071'","'2018-09-05 21:05:00'","737308.87847222","2"
"'040077969'","'2018-09-05 21:05:00'","737308.87847222","1"
"'040078071'","'2018-09-05 21:00:00'","737308.875","1"
"'040078079'","'2018-09-05 21:00:00'","737308.875","1"
"'040078097'","'2018-09-05 20:55:00'","737308.87152778","2"
"'040069137'","'2018-09-05 20:55:00'","737308.87152778","1"
"'040078079'","'2018-09-05 20:55:00'","737308.87152778","1"
"'040078064'","'2018-09-05 20:55:00'","737308.87152778","1"
"'040078051'","'2018-09-05 20:45:00'","737308.86458333","1"
"'040078054'","'2018-09-05 20:40:00'","737308.86111111","2"
"'040078079'","'2018-09-05 20:40:00'","737308.86111111","2"
"'040077950'","'2018-09-05 20:40:00'","737308.86111111","1"
"'040077948'","'2018-09-05 20:40:00'","737308.86111111","1"
"'040077950'","'2018-09-05 20:35:00'","737308.85763889","1"
"'040078054'","'2018-09-05 20:30:00'","737308.85416667","1"
"'040077950'","'2018-09-05 20:30:00'","737308.85416667","1"
"'040056208'","'2018-09-05 20:25:00'","737308.85069444","1"
"'040078048'","'2018-09-05 20:25:00'","737308.85069444","1"
"'040077943'","'2018-09-05 20:20:00'","737308.84722222","1"
"'040078050'","'2018-09-05 20:20:00'","737308.84722222","1"
"'040077971'","'2018-09-05 20:20:00'","737308.84722222","1"
"'040078068'","'2018-09-05 20:20:00'","737308.84722222","1"
"'040077964'","'2018-09-05 20:20:00'","737308.84722222","1"
"'040078072'","'2018-09-05 20:20:00'","737308.84722222","1"
"'040077943'","'2018-09-05 20:15:00'","737308.84375","1"
"'040078080'","'2018-09-05 20:15:00'","737308.84375","1"
"'040077937'","'2018-09-05 20:15:00'","737308.84375","1"
"'040078071'","'2018-09-05 20:15:00'","737308.84375","1"
"'040077964'","'2018-09-05 20:10:00'","737308.84027778","3"
"'040078072'","'2018-09-05 20:10:00'","737308.84027778","2"
"'040078062'","'2018-09-05 20:05:00'","737308.83680556","1"
"'040077950'","'2018-09-05 20:05:00'","737308.83680556","4"
"'040078046'","'2018-09-05 20:05:00'","737308.83680556","1"
"'040077970'","'2018-09-05 20:05:00'","737308.83680556","1"
"'040078071'","'2018-09-05 20:05:00'","737308.83680556","1"
"'040079460'","'2018-09-05 20:05:00'","737308.83680556","1"
"'040056208'","'2018-09-05 20:05:00'","737308.83680556","1"
"'040077960'","'2018-09-05 20:05:00'","737308.83680556","1"
"'040078079'","'2018-09-05 20:05:00'","737308.83680556","1"
"'040078068'","'2018-09-05 20:05:00'","737308.83680556","1"
"'040078097'","'2018-09-05 20:00:00'","737308.83333333","4"
"'040077970'","'2018-09-05 20:00:00'","737308.83333333","1"
"'040077950'","'2018-09-05 20:00:00'","737308.83333333","2"
"'040078040'","'2018-09-05 20:00:00'","737308.83333333","1"
"'040077940'","'2018-09-05 20:00:00'","737308.83333333","1"
"'040078051'","'2018-09-05 20:00:00'","737308.83333333","1"
"'040078079'","'2018-09-05 20:00:00'","737308.83333333","2"
"'040078046'","'2018-09-05 20:00:00'","737308.83333333","2"
"'040078087'","'2018-09-05 19:55:00'","737308.82986111","1"
"'040078050'","'2018-09-05 19:55:00'","737308.82986111","2"
"'040077943'","'2018-09-05 19:10:00'","737308.79861111","1"
"'040078071'","'2018-09-04 21:25:00'","737307.89236111","1"
"'040077971'","'2018-09-04 20:55:00'","737307.87152778","1"
"'040078064'","'2018-09-04 20:50:00'","737307.86805556","1"
"'040078092'","'2018-09-04 20:50:00'","737307.86805556","1"
"'040078095'","'2018-09-04 20:50:00'","737307.86805556","1"
"'040077960'","'2018-09-04 20:50:00'","737307.86805556","2"
"'040079460'","'2018-09-04 20:50:00'","737307.86805556","1"
"'040069137'","'2018-09-04 20:50:00'","737307.86805556","1"
"'040078041'","'2018-09-04 20:50:00'","737307.86805556","1"
"'040077964'","'2018-09-04 20:50:00'","737307.86805556","1"
"'040078097'","'2018-09-04 20:50:00'","737307.86805556","1"
"'040077950'","'2018-09-04 20:50:00'","737307.86805556","1"
"'040078046'","'2018-09-04 20:50:00'","737307.86805556","1"
"'040077950'","'2018-09-04 20:45:00'","737307.86458333","2"
"'040078097'","'2018-09-04 20:45:00'","737307.86458333","1"
"'040056208'","'2018-09-04 20:45:00'","737307.86458333","1"
"'040077969'","'2018-09-04 20:45:00'","737307.86458333","1"
"'040078040'","'2018-09-04 20:45:00'","737307.86458333","1"
"'040078071'","'2018-09-04 20:40:00'","737307.86111111","1"
"'040078097'","'2018-09-04 20:40:00'","737307.86111111","2"
"'040069137'","'2018-09-04 20:40:00'","737307.86111111","1"
"'040078068'","'2018-09-04 20:35:00'","737307.85763889","2"
"'040078088'","'2018-09-04 20:35:00'","737307.85763889","3"
"'040077964'","'2018-09-04 20:35:00'","737307.85763889","2"
"'040077971'","'2018-09-04 20:30:00'","737307.85416667","1"
"'040078068'","'2018-09-04 20:30:00'","737307.85416667","2"
"'040078087'","'2018-09-04 20:25:00'","737307.85069444","1"
"'040078046'","'2018-09-04 20:25:00'","737307.85069444","1"
"'040078097'","'2018-09-04 20:20:00'","737307.84722222","2"
"'040069137'","'2018-09-04 20:20:00'","737307.84722222","2"
"'040069137'","'2018-09-04 20:15:00'","737307.84375","1"
"'040078046'","'2018-09-04 20:15:00'","737307.84375","1"
"'040077949'","'2018-09-04 20:10:00'","737307.84027778","1"
"'040078097'","'2018-09-04 20:10:00'","737307.84027778","1"
"'040069137'","'2018-09-04 20:10:00'","737307.84027778","1"
"'040077950'","'2018-09-04 20:05:00'","737307.83680556","1"
"'040078079'","'2018-09-04 20:05:00'","737307.83680556","1"
"'040056208'","'2018-09-04 20:05:00'","737307.83680556","1"
"'040078097'","'2018-09-04 20:05:00'","737307.83680556","2"
"'040078097'","'2018-09-04 20:00:00'","737307.83333333","1"
"'040078097'","'2018-09-04 19:55:00'","737307.82986111","1"
"'040077950'","'2018-09-04 19:50:00'","737307.82638889","1"
"'040078097'","'2018-09-04 19:45:00'","737307.82291667","2"
"'040078048'","'2018-09-03 15:50:00'","737306.65972222","1"
"'040078068'","'2018-09-03 15:45:00'","737306.65625","1"
"'040077950'","'2018-09-03 15:40:00'","737306.65277778","1"
"'040078092'","'2018-09-03 15:40:00'","737306.65277778","1"
"'040077950'","'2018-09-03 15:35:00'","737306.64930556","3"
"'040077950'","'2018-09-03 15:30:00'","737306.64583333","1"
"'040078068'","'2018-09-03 15:30:00'","737306.64583333","1"
"'040077962'","'2018-09-03 15:30:00'","737306.64583333","1"
"'040077950'","'2018-09-03 15:25:00'","737306.64236111","1"
"'040078045'","'2018-09-03 15:10:00'","737306.63194444","1"
"'040056208'","'2018-09-03 15:10:00'","737306.63194444","1"
"'040078092'","'2018-09-03 15:10:00'","737306.63194444","1"
"'040056330'","'2018-09-03 15:10:00'","737306.63194444","1"
"'040077960'","'2018-09-03 15:05:00'","737306.62847222","1"
"'040056208'","'2018-09-03 15:05:00'","737306.62847222","2"
"'040069137'","'2018-09-03 15:05:00'","737306.62847222","1"
"'040078079'","'2018-09-03 15:05:00'","737306.62847222","1"
"'040078071'","'2018-09-03 15:05:00'","737306.62847222","1"
"'040078036'","'2018-09-03 15:05:00'","737306.62847222","1"
"'040056208'","'2018-09-03 15:00:00'","737306.625","1"
"'040077940'","'2018-09-03 15:00:00'","737306.625","1"
"'040078071'","'2018-09-03 15:00:00'","737306.625","1"
"'040078041'","'2018-09-03 14:55:00'","737306.62152778","1"
"'040077946'","'2018-09-03 14:55:00'","737306.62152778","1"
"'040078092'","'2018-09-03 14:55:00'","737306.62152778","1"
"'040078052'","'2018-09-03 14:55:00'","737306.62152778","1"
"'040078066'","'2018-09-03 14:55:00'","737306.62152778","1"
"'040077974'","'2018-09-03 14:55:00'","737306.62152778","1"
"'040078040'","'2018-09-03 14:55:00'","737306.62152778","1"
"'040056208'","'2018-09-03 14:55:00'","737306.62152778","1"
"'040078071'","'2018-09-03 14:55:00'","737306.62152778","1"
"'040077940'","'2018-09-03 14:55:00'","737306.62152778","1"
"'040077950'","'2018-09-03 14:55:00'","737306.62152778","3"
"'040078079'","'2018-09-03 14:55:00'","737306.62152778","1"
"'040077950'","'2018-09-03 14:50:00'","737306.61805556","1"
"'040078079'","'2018-09-03 14:50:00'","737306.61805556","1"
"'040056208'","'2018-09-03 14:15:00'","737306.59375","1"
"'040078041'","'2018-09-03 14:15:00'","737306.59375","1"
"'040069137'","'2018-09-03 14:15:00'","737306.59375","1"
"'040078092'","'2018-09-03 14:10:00'","737306.59027778","3"
"'040056208'","'2018-09-03 14:10:00'","737306.59027778","2"
"'040056208'","'2018-09-03 14:05:00'","737306.58680556","1"
"'040078068'","'2018-09-03 14:05:00'","737306.58680556","1"
"'040056208'","'2018-09-03 13:55:00'","737306.57986111","1"
"'040077962'","'2018-09-03 13:55:00'","737306.57986111","1"
"'040078036'","'2018-09-03 13:50:00'","737306.57638889","1"
"'040078046'","'2018-09-03 13:50:00'","737306.57638889","1"
"'040077974'","'2018-09-03 13:50:00'","737306.57638889","1"
"'040077960'","'2018-09-03 13:50:00'","737306.57638889","1"
"'040078048'","'2018-09-03 13:50:00'","737306.57638889","3"
"'040078052'","'2018-09-03 13:50:00'","737306.57638889","1"
"'040077971'","'2018-09-03 13:45:00'","737306.57291667","1"
"'040078036'","'2018-09-03 13:45:00'","737306.57291667","2"
"'040078046'","'2018-09-03 13:45:00'","737306.57291667","2"
"'040078048'","'2018-09-03 13:45:00'","737306.57291667","1"
"'040077960'","'2018-09-01 02:50:00'","737304.11805556","1"
"'040078079'","'2018-09-01 02:30:00'","737304.10416667","1"
"'040078079'","'2018-09-01 02:20:00'","737304.09722222","1"
"'040077950'","'2018-09-01 01:45:00'","737304.07291667","1"
"'040077960'","'2018-09-01 01:45:00'","737304.07291667","6"
"'040078071'","'2018-09-01 01:40:00'","737304.06944444","1"
"'040079459'","'2018-09-01 01:40:00'","737304.06944444","1"
"'040078048'","'2018-09-01 01:40:00'","737304.06944444","1"
"'040077950'","'2018-09-01 01:40:00'","737304.06944444","1"
"'040077962'","'2018-09-01 01:35:00'","737304.06597222","2"
"'040078060'","'2018-09-01 01:35:00'","737304.06597222","2"
"'040078078'","'2018-09-01 01:35:00'","737304.06597222","1"
"'040079460'","'2018-09-01 01:35:00'","737304.06597222","1"
"'040069137'","'2018-09-01 01:35:00'","737304.06597222","1"
"'040078071'","'2018-09-01 01:35:00'","737304.06597222","1"
"'040077950'","'2018-09-01 01:35:00'","737304.06597222","1"
"'040078043'","'2018-09-01 01:35:00'","737304.06597222","1"
"'040078079'","'2018-09-01 01:30:00'","737304.0625","1"
"'040077962'","'2018-09-01 01:30:00'","737304.0625","2"
"'040078043'","'2018-09-01 01:30:00'","737304.0625","1"
"'040078071'","'2018-09-01 01:30:00'","737304.0625","3"
"'040078078'","'2018-09-01 01:30:00'","737304.0625","2"
"'040077949'","'2018-09-01 01:30:00'","737304.0625","1"
"'040069137'","'2018-09-01 01:30:00'","737304.0625","1"
"'040078077'","'2018-09-01 01:30:00'","737304.0625","1"
"'040078060'","'2018-09-01 01:30:00'","737304.0625","2"
"'040077950'","'2018-09-01 01:25:00'","737304.05902778","1"
"'040079459'","'2018-09-01 01:25:00'","737304.05902778","1"
"'040077974'","'2018-09-01 01:25:00'","737304.05902778","1"
"'040078071'","'2018-09-01 01:25:00'","737304.05902778","3"
"'040078043'","'2018-09-01 01:25:00'","737304.05902778","1"
"'040077949'","'2018-09-01 01:25:00'","737304.05902778","1"
"'040078046'","'2018-09-01 01:25:00'","737304.05902778","1"
"'040069137'","'2018-09-01 01:25:00'","737304.05902778","3"
"'040077962'","'2018-09-01 01:25:00'","737304.05902778","1"
"'040078040'","'2018-09-01 01:25:00'","737304.05902778","1"
"'040078051'","'2018-09-01 01:25:00'","737304.05902778","1"
"'040078051'","'2018-09-01 01:20:00'","737304.05555556","2"
"'040077949'","'2018-09-01 01:20:00'","737304.05555556","2"
"'040078048'","'2018-09-01 01:20:00'","737304.05555556","3"
"'040078095'","'2018-09-01 01:20:00'","737304.05555556","4"
"'040077960'","'2018-09-01 01:20:00'","737304.05555556","3"
"'040078043'","'2018-09-01 01:20:00'","737304.05555556","2"
"'040079460'","'2018-09-01 01:20:00'","737304.05555556","1"
"'040077960'","'2018-09-01 01:15:00'","737304.05208333","2"
"'040078048'","'2018-09-01 01:15:00'","737304.05208333","1"
"'040078095'","'2018-09-01 00:25:00'","737304.01736111","1"
"'040077960'","'2018-09-01 00:25:00'","737304.01736111","1"
"'040078095'","'2018-09-01 00:20:00'","737304.01388889","1"
"'040078048'","'2018-09-01 00:20:00'","737304.01388889","2"
"'040077960'","'2018-09-01 00:20:00'","737304.01388889","2"
"'040078051'","'2018-09-01 00:20:00'","737304.01388889","1"
"'040069137'","'2018-09-01 00:15:00'","737304.01041667","1"
"'040077962'","'2018-09-01 00:15:00'","737304.01041667","1"
"'040078079'","'2018-09-01 00:15:00'","737304.01041667","1"
"'040078048'","'2018-09-01 00:15:00'","737304.01041667","1"
"'040077960'","'2018-09-01 00:15:00'","737304.01041667","2"
"'040078065'","'2018-09-01 00:15:00'","737304.01041667","1"
"'040077974'","'2018-09-01 00:15:00'","737304.01041667","2"
"'040078095'","'2018-09-01 00:15:00'","737304.01041667","2"
"'040078071'","'2018-09-01 00:15:00'","737304.01041667","1"
"'040056208'","'2018-09-01 00:10:00'","737304.00694444","1"
"'040078078'","'2018-09-01 00:10:00'","737304.00694444","2"
"'040078079'","'2018-09-01 00:10:00'","737304.00694444","1"
"'040078084'","'2018-09-01 00:10:00'","737304.00694444","1"
"'040078060'","'2018-09-01 00:10:00'","737304.00694444","1"
"'040077949'","'2018-09-01 00:10:00'","737304.00694444","1"
"'040078048'","'2018-09-01 00:05:00'","737304.00347222","1"
"'040077960'","'2018-09-01 00:05:00'","737304.00347222","2"
"'040056208'","'2018-09-01 00:05:00'","737304.00347222","2"
"'040077935'","'2018-09-01 00:05:00'","737304.00347222","1"
"'040077962'","'2018-09-01 00:05:00'","737304.00347222","1"
"'040078095'","'2018-09-01 00:05:00'","737304.00347222","1"
"'040078071'","'2018-09-01 00:05:00'","737304.00347222","2"
"'040078051'","'2018-09-01 00:00:00'","737304","1"
"'040078087'","'2018-09-01 00:00:00'","737304","2"
"'040078048'","'2018-09-01 00:00:00'","737304","1"
"'040077974'","'2018-09-01 00:00:00'","737304","2"
"'040079460'","'2018-09-01 00:00:00'","737304","1"
"'040078036'","'2018-09-01 00:00:00'","737304","1"
"'040078048'","'2018-08-31 23:55:00'","737303.99652778","1"
"'040078051'","'2018-08-31 23:55:00'","737303.99652778","1"
"'040077974'","'2018-08-31 23:55:00'","737303.99652778","1"
"'040077970'","'2018-08-31 23:55:00'","737303.99652778","2"
"'040078043'","'2018-08-31 23:55:00'","737303.99652778","2"
"'040077962'","'2018-08-31 23:50:00'","737303.99305556","2"
"'040078040'","'2018-08-31 23:50:00'","737303.99305556","1"
"'040077935'","'2018-08-31 23:50:00'","737303.99305556","1"
"'040078051'","'2018-08-31 23:50:00'","737303.99305556","1"
"'040077973'","'2018-08-31 23:50:00'","737303.99305556","1"
"'040077962'","'2018-08-31 23:45:00'","737303.98958333","1"
"'040078040'","'2018-08-31 23:45:00'","737303.98958333","2"
"'040078095'","'2018-08-31 23:45:00'","737303.98958333","1"
"'040078043'","'2018-08-31 23:45:00'","737303.98958333","1"
"'040077960'","'2018-08-31 23:45:00'","737303.98958333","1"
"'040077949'","'2018-08-31 23:45:00'","737303.98958333","3"
"'040077935'","'2018-08-31 23:45:00'","737303.98958333","1"
"'040077970'","'2018-08-31 23:45:00'","737303.98958333","3"
"'040056208'","'2018-08-31 23:45:00'","737303.98958333","2"
"'040078048'","'2018-08-31 23:45:00'","737303.98958333","2"
"'040056208'","'2018-08-31 23:40:00'","737303.98611111","3"
"'040078065'","'2018-08-31 23:40:00'","737303.98611111","1"
"'040078060'","'2018-08-31 23:40:00'","737303.98611111","1"
"'040077973'","'2018-08-31 23:40:00'","737303.98611111","1"
"'040078071'","'2018-08-31 23:40:00'","737303.98611111","2"
"'040078060'","'2018-08-31 23:35:00'","737303.98263889","2"
"'040079460'","'2018-08-31 23:35:00'","737303.98263889","1"
"'040056208'","'2018-08-31 23:35:00'","737303.98263889","3"
"'040078065'","'2018-08-31 23:35:00'","737303.98263889","2"
"'040077949'","'2018-08-31 23:35:00'","737303.98263889","1"
"'040077973'","'2018-08-31 23:35:00'","737303.98263889","2"
"'040077962'","'2018-08-31 23:35:00'","737303.98263889","2"
"'040077950'","'2018-08-31 23:35:00'","737303.98263889","1"
"'040078071'","'2018-08-31 23:35:00'","737303.98263889","2"
"'040077962'","'2018-08-31 23:00:00'","737303.95833333","2"
"'040078079'","'2018-08-31 23:00:00'","737303.95833333","1"
"'040078058'","'2018-08-31 21:00:00'","737303.875","1"
"'040078086'","'2018-08-31 00:05:00'","737303.00347222","1"
"'040078072'","'2018-08-31 00:05:00'","737303.00347222","1"
"'040056209'","'2018-08-31 00:05:00'","737303.00347222","1"
"'040078066'","'2018-08-31 00:05:00'","737303.00347222","2"
"'040077688'","'2018-08-31 00:05:00'","737303.00347222","1"
"'040078080'","'2018-08-31 00:00:00'","737303","1"
"'040077942'","'2018-08-30 23:55:00'","737302.99652778","1"
"'040077688'","'2018-08-30 23:55:00'","737302.99652778","2"
"'040078054'","'2018-08-30 23:50:00'","737302.99305556","1"
"'040077688'","'2018-08-30 23:50:00'","737302.99305556","2"
"'040077957'","'2018-08-30 23:40:00'","737302.98611111","1"
"'040078086'","'2018-08-30 23:40:00'","737302.98611111","1"
"'040056209'","'2018-08-30 23:40:00'","737302.98611111","1"
"'040077688'","'2018-08-30 23:35:00'","737302.98263889","1"
"'040077971'","'2018-08-30 23:35:00'","737302.98263889","1"
"'040077957'","'2018-08-30 23:35:00'","737302.98263889","1"
"'040078055'","'2018-08-30 23:30:00'","737302.97916667","1"
"'040078066'","'2018-08-30 23:30:00'","737302.97916667","1"
"'040077939'","'2018-08-30 23:30:00'","737302.97916667","1"
"'040077942'","'2018-08-30 23:30:00'","737302.97916667","1"
"'040078072'","'2018-08-30 23:30:00'","737302.97916667","1"
"'040078053'","'2018-08-30 23:15:00'","737302.96875","1"
"'040078061'","'2018-08-30 23:15:00'","737302.96875","1"
"'040077971'","'2018-08-30 23:10:00'","737302.96527778","1"
"'040077688'","'2018-08-30 23:10:00'","737302.96527778","4"
"'040078064'","'2018-08-30 23:10:00'","737302.96527778","1"
"'040078053'","'2018-08-30 23:05:00'","737302.96180556","1"
"'040077948'","'2018-08-30 23:05:00'","737302.96180556","2"
"'040078072'","'2018-08-30 23:05:00'","737302.96180556","1"
"'040078066'","'2018-08-30 23:00:00'","737302.95833333","5"
"'040078092'","'2018-08-30 23:00:00'","737302.95833333","1"
"'040077971'","'2018-08-30 22:55:00'","737302.95486111","1"
"'040078066'","'2018-08-30 22:50:00'","737302.95138889","1"
"'040078086'","'2018-08-30 22:50:00'","737302.95138889","2"
"'040077688'","'2018-08-30 22:50:00'","737302.95138889","2"
"'040078092'","'2018-08-30 22:50:00'","737302.95138889","1"
"'040078042'","'2018-08-30 22:50:00'","737302.95138889","1"
"'040077969'","'2018-08-30 22:45:00'","737302.94791667","1"
"'040078053'","'2018-08-30 22:45:00'","737302.94791667","1"
"'040077939'","'2018-08-30 22:45:00'","737302.94791667","2"
"'040078055'","'2018-08-30 22:45:00'","737302.94791667","1"
"'040078064'","'2018-08-30 22:45:00'","737302.94791667","2"
"'040077942'","'2018-08-30 22:45:00'","737302.94791667","1"
"'040078062'","'2018-08-30 22:40:00'","737302.94444444","1"
"'040077971'","'2018-08-30 22:40:00'","737302.94444444","1"
"'040078062'","'2018-08-30 22:35:00'","737302.94097222","1"
"'040078055'","'2018-08-30 22:35:00'","737302.94097222","1"
"'040078092'","'2018-08-30 22:35:00'","737302.94097222","1"
"'040078064'","'2018-08-30 22:35:00'","737302.94097222","1"
"'040077971'","'2018-08-30 22:35:00'","737302.94097222","2"
"'040077688'","'2018-08-30 22:35:00'","737302.94097222","1"
"'040078083'","'2018-08-30 22:35:00'","737302.94097222","1"
"'040078068'","'2018-08-30 22:35:00'","737302.94097222","1"
"'040077971'","'2018-08-30 22:30:00'","737302.9375","3"
"'040077942'","'2018-08-30 22:30:00'","737302.9375","2"
"'040078055'","'2018-08-30 22:30:00'","737302.9375","2"
"'040077971'","'2018-08-30 22:25:00'","737302.93402778","3"
"'040077942'","'2018-08-30 22:25:00'","737302.93402778","1"
"'040077939'","'2018-08-30 22:25:00'","737302.93402778","1"
"'040078068'","'2018-08-30 22:25:00'","737302.93402778","2"
"'040078055'","'2018-08-30 22:25:00'","737302.93402778","4"
"'040077688'","'2018-08-30 22:20:00'","737302.93055556","1"
"'040078085'","'2018-08-30 20:35:00'","737302.85763889","1"
"'040078058'","'2018-08-30 11:30:00'","737302.47916667","1"
"'040077970'","'2018-08-28 20:20:00'","737300.84722222","1"
"'040077950'","'2018-08-28 20:15:00'","737300.84375","1"
"'040078092'","'2018-08-28 20:15:00'","737300.84375","1"
"'040077960'","'2018-08-28 20:10:00'","737300.84027778","1"
"'040077957'","'2018-08-28 20:10:00'","737300.84027778","1"
"'040078071'","'2018-08-28 20:05:00'","737300.83680556","1"
"'040077970'","'2018-08-28 20:05:00'","737300.83680556","1"
"'040077950'","'2018-08-28 20:00:00'","737300.83333333","1"
"'040077948'","'2018-08-28 20:00:00'","737300.83333333","1"
"'040078092'","'2018-08-28 19:55:00'","737300.82986111","1"
"'040079460'","'2018-08-28 19:45:00'","737300.82291667","1"
"'040078041'","'2018-08-28 19:35:00'","737300.81597222","1"
"'040078051'","'2018-08-28 19:25:00'","737300.80902778","1"
"'040078068'","'2018-08-28 19:20:00'","737300.80555556","4"
"'040077948'","'2018-08-28 19:20:00'","737300.80555556","1"
"'040077950'","'2018-08-28 19:20:00'","737300.80555556","1"
"'040077942'","'2018-08-28 19:15:00'","737300.80208333","1"
"'040078092'","'2018-08-28 19:15:00'","737300.80208333","1"
"'040078068'","'2018-08-28 19:10:00'","737300.79861111","1"
"'040078064'","'2018-08-28 19:10:00'","737300.79861111","1"
"'040077964'","'2018-08-28 11:30:00'","737300.47916667","1"
"'040078095'","'2018-08-27 20:00:00'","737299.83333333","1"
"'040078048'","'2018-08-27 19:55:00'","737299.82986111","2"
"'040078097'","'2018-08-27 19:55:00'","737299.82986111","2"
"'040077971'","'2018-08-27 19:55:00'","737299.82986111","1"
"'040078097'","'2018-08-27 19:50:00'","737299.82638889","1"
"'040078097'","'2018-08-27 19:45:00'","737299.82291667","2"
"'040077935'","'2018-08-25 03:10:00'","737297.13194444","2"
"'040078097'","'2018-08-25 03:10:00'","737297.13194444","1"
"'040078097'","'2018-08-25 03:05:00'","737297.12847222","3"
"'040056210'","'2018-08-25 03:05:00'","737297.12847222","1"
"'040078045'","'2018-08-25 03:05:00'","737297.12847222","1"
"'040078060'","'2018-08-25 03:00:00'","737297.125","1"
"'040078097'","'2018-08-25 03:00:00'","737297.125","4"
"'040078065'","'2018-08-25 03:00:00'","737297.125","1"
"'040077949'","'2018-08-25 03:00:00'","737297.125","1"
"'040078071'","'2018-08-25 03:00:00'","737297.125","2"
"'040056210'","'2018-08-25 02:55:00'","737297.12152778","3"
"'040078060'","'2018-08-25 02:55:00'","737297.12152778","1"
"'040078097'","'2018-08-25 02:55:00'","737297.12152778","1"
"'040078065'","'2018-08-25 02:55:00'","737297.12152778","1"
"'040077973'","'2018-08-25 02:55:00'","737297.12152778","1"
"'040077949'","'2018-08-25 02:50:00'","737297.11805556","1"
"'040078043'","'2018-08-25 02:50:00'","737297.11805556","1"
"'040079460'","'2018-08-25 02:50:00'","737297.11805556","1"
"'040078079'","'2018-08-25 02:50:00'","737297.11805556","1"
"'040056210'","'2018-08-25 02:45:00'","737297.11458333","2"
"'040078060'","'2018-08-25 02:45:00'","737297.11458333","1"
"'040078097'","'2018-08-25 02:45:00'","737297.11458333","3"
"'040077962'","'2018-08-25 02:45:00'","737297.11458333","1"
"'040078071'","'2018-08-25 02:45:00'","737297.11458333","1"
"'040078048'","'2018-08-25 02:45:00'","737297.11458333","2"
"'040078065'","'2018-08-25 02:45:00'","737297.11458333","1"
"'040056208'","'2018-08-25 02:45:00'","737297.11458333","2"
"'040078045'","'2018-08-25 02:45:00'","737297.11458333","1"
"'040078040'","'2018-08-25 02:40:00'","737297.11111111","1"
"'040077970'","'2018-08-25 02:40:00'","737297.11111111","1"
"'040078043'","'2018-08-25 02:40:00'","737297.11111111","1"
"'040077949'","'2018-08-25 02:40:00'","737297.11111111","2"
"'040078040'","'2018-08-25 02:35:00'","737297.10763889","1"
"'040078087'","'2018-08-25 02:35:00'","737297.10763889","1"
"'040078078'","'2018-08-25 02:35:00'","737297.10763889","1"
"'040078097'","'2018-08-25 02:35:00'","737297.10763889","1"
"'040078078'","'2018-08-25 02:30:00'","737297.10416667","1"
"'040078047'","'2018-08-25 02:30:00'","737297.10416667","2"
"'040078040'","'2018-08-25 02:30:00'","737297.10416667","2"
"'040078048'","'2018-08-25 02:30:00'","737297.10416667","2"
"'040077970'","'2018-08-25 02:30:00'","737297.10416667","1"
"'040079460'","'2018-08-25 02:30:00'","737297.10416667","2"
"'040078051'","'2018-08-25 02:30:00'","737297.10416667","1"
"'040078045'","'2018-08-25 02:25:00'","737297.10069444","1"
"'040056208'","'2018-08-25 02:25:00'","737297.10069444","1"
"'040078071'","'2018-08-25 02:25:00'","737297.10069444","2"
"'040078097'","'2018-08-25 02:25:00'","737297.10069444","2"
"'040078079'","'2018-08-25 02:25:00'","737297.10069444","2"
"'040078084'","'2018-08-25 02:25:00'","737297.10069444","1"
"'040078047'","'2018-08-25 02:20:00'","737297.09722222","3"
"'040077950'","'2018-08-25 02:20:00'","737297.09722222","3"
"'040078095'","'2018-08-25 02:20:00'","737297.09722222","1"
"'040079460'","'2018-08-25 02:20:00'","737297.09722222","1"
"'040078087'","'2018-08-25 02:20:00'","737297.09722222","1"
"'040078043'","'2018-08-25 02:20:00'","737297.09722222","1"
"'040078078'","'2018-08-25 02:20:00'","737297.09722222","1"
"'040056210'","'2018-08-25 02:15:00'","737297.09375","3"
"'040078097'","'2018-08-25 02:15:00'","737297.09375","5"
"'040056208'","'2018-08-25 02:15:00'","737297.09375","4"
"'040077973'","'2018-08-25 02:15:00'","737297.09375","3"
"'040078097'","'2018-08-25 02:10:00'","737297.09027778","1"
"'040078071'","'2018-08-25 02:10:00'","737297.09027778","1"
"'040079460'","'2018-08-25 02:10:00'","737297.09027778","1"
"'040078043'","'2018-08-25 02:10:00'","737297.09027778","1"
"'040056210'","'2018-08-25 02:10:00'","737297.09027778","2"
"'040077973'","'2018-08-25 02:10:00'","737297.09027778","1"
"'040078047'","'2018-08-25 02:10:00'","737297.09027778","1"
"'040077960'","'2018-08-25 02:10:00'","737297.09027778","1"
"'040078065'","'2018-08-25 02:10:00'","737297.09027778","1"
"'040078051'","'2018-08-25 02:10:00'","737297.09027778","1"
"'040078051'","'2018-08-25 02:05:00'","737297.08680556","1"
"'040078065'","'2018-08-25 02:05:00'","737297.08680556","1"
"'040078095'","'2018-08-25 02:05:00'","737297.08680556","1"
"'040078071'","'2018-08-25 02:05:00'","737297.08680556","1"
"'040077973'","'2018-08-25 02:05:00'","737297.08680556","1"
"'040078043'","'2018-08-25 02:05:00'","737297.08680556","1"
"'040078095'","'2018-08-25 02:00:00'","737297.08333333","2"
"'040056210'","'2018-08-25 02:00:00'","737297.08333333","1"
"'040077960'","'2018-08-25 02:00:00'","737297.08333333","3"
"'040078048'","'2018-08-25 02:00:00'","737297.08333333","1"
"'040078065'","'2018-08-25 02:00:00'","737297.08333333","1"
"'040078047'","'2018-08-25 02:00:00'","737297.08333333","1"
"'040077935'","'2018-08-25 02:00:00'","737297.08333333","1"
"'040078071'","'2018-08-25 02:00:00'","737297.08333333","1"
"'040077960'","'2018-08-25 01:55:00'","737297.07986111","3"
"'040078095'","'2018-08-25 01:55:00'","737297.07986111","2"
"'040078052'","'2018-08-25 01:55:00'","737297.07986111","1"
"'040078051'","'2018-08-25 01:55:00'","737297.07986111","1"
"'040078048'","'2018-08-25 01:55:00'","737297.07986111","1"
"'040078071'","'2018-08-25 01:55:00'","737297.07986111","1"
"'040079460'","'2018-08-25 01:50:00'","737297.07638889","1"
"'040078071'","'2018-08-25 01:50:00'","737297.07638889","1"
"'040078040'","'2018-08-25 01:50:00'","737297.07638889","1"
"'040078060'","'2018-08-25 01:50:00'","737297.07638889","1"
"'040056210'","'2018-08-25 01:50:00'","737297.07638889","1"
"'040078097'","'2018-08-25 01:50:00'","737297.07638889","2"
"'040078095'","'2018-08-25 01:50:00'","737297.07638889","1"
"'040056208'","'2018-08-25 01:50:00'","737297.07638889","1"
"'040078097'","'2018-08-25 01:25:00'","737297.05902778","3"
"'040078060'","'2018-08-25 01:25:00'","737297.05902778","1"
"'040056210'","'2018-08-25 01:25:00'","737297.05902778","1"
"'040078097'","'2018-08-25 01:20:00'","737297.05555556","2"
"'040078071'","'2018-08-25 01:20:00'","737297.05555556","1"
"'040078060'","'2018-08-25 01:20:00'","737297.05555556","1"
"'040078051'","'2018-08-25 01:20:00'","737297.05555556","1"
"'040077950'","'2018-08-25 01:20:00'","737297.05555556","1"
"'040056208'","'2018-08-25 01:20:00'","737297.05555556","2"
"'040078051'","'2018-08-25 01:15:00'","737297.05208333","3"
"'040078079'","'2018-08-25 01:15:00'","737297.05208333","3"
"'040077960'","'2018-08-25 01:15:00'","737297.05208333","1"
"'040078043'","'2018-08-25 01:15:00'","737297.05208333","1"
"'040077949'","'2018-08-25 01:15:00'","737297.05208333","1"
"'040078095'","'2018-08-25 01:15:00'","737297.05208333","1"
"'040078060'","'2018-08-25 01:15:00'","737297.05208333","1"
"'040078048'","'2018-08-25 01:15:00'","737297.05208333","2"
"'040078087'","'2018-08-25 01:10:00'","737297.04861111","1"
"'040078043'","'2018-08-25 01:10:00'","737297.04861111","1"
"'040078071'","'2018-08-25 01:10:00'","737297.04861111","1"
"'040056208'","'2018-08-25 01:10:00'","737297.04861111","1"
"'040077950'","'2018-08-25 01:10:00'","737297.04861111","2"
"'040077960'","'2018-08-25 01:10:00'","737297.04861111","1"
"'040077970'","'2018-08-25 01:10:00'","737297.04861111","1"
"'040078078'","'2018-08-25 01:05:00'","737297.04513889","1"
"'040077949'","'2018-08-25 01:05:00'","737297.04513889","1"
"'040077960'","'2018-08-25 01:05:00'","737297.04513889","2"
"'040078040'","'2018-08-25 01:05:00'","737297.04513889","1"
"'040078095'","'2018-08-25 01:05:00'","737297.04513889","3"
"'040078043'","'2018-08-25 01:05:00'","737297.04513889","1"
"'040077950'","'2018-08-25 01:05:00'","737297.04513889","2"
"'040078060'","'2018-08-25 01:00:00'","737297.04166667","3"
"'040077935'","'2018-08-25 01:00:00'","737297.04166667","1"
"'040056210'","'2018-08-25 01:00:00'","737297.04166667","3"
"'040056208'","'2018-08-25 01:00:00'","737297.04166667","4"
"'040078071'","'2018-08-25 01:00:00'","737297.04166667","2"
"'040078040'","'2018-08-25 01:00:00'","737297.04166667","1"
"'040078097'","'2018-08-25 01:00:00'","737297.04166667","4"
"'040078065'","'2018-08-25 01:00:00'","737297.04166667","1"
"'040077973'","'2018-08-25 00:55:00'","737297.03819444","1"
"'040056210'","'2018-08-25 00:55:00'","737297.03819444","1"
"'040078060'","'2018-08-25 00:55:00'","737297.03819444","1"
"'040078065'","'2018-08-25 00:55:00'","737297.03819444","2"
"'040078084'","'2018-08-25 00:55:00'","737297.03819444","1"
"'040078097'","'2018-08-25 00:55:00'","737297.03819444","3"
"'040078071'","'2018-08-25 00:55:00'","737297.03819444","3"
"'040056208'","'2018-08-25 00:55:00'","737297.03819444","2"
"'040078071'","'2018-08-25 00:50:00'","737297.03472222","3"
"'040078065'","'2018-08-25 00:50:00'","737297.03472222","1"
"'040078097'","'2018-08-25 00:50:00'","737297.03472222","4"
"'040078040'","'2018-08-25 00:50:00'","737297.03472222","1"
"'040077974'","'2018-08-25 00:50:00'","737297.03472222","1"
"'040078047'","'2018-08-25 00:50:00'","737297.03472222","1"
"'040078048'","'2018-08-25 00:50:00'","737297.03472222","1"
"'040056208'","'2018-08-25 00:50:00'","737297.03472222","3"
"'040077960'","'2018-08-25 00:50:00'","737297.03472222","2"
"'040078060'","'2018-08-25 00:50:00'","737297.03472222","2"
"'040078095'","'2018-08-25 00:45:00'","737297.03125","1"
"'040078040'","'2018-08-25 00:45:00'","737297.03125","2"
"'040078047'","'2018-08-25 00:45:00'","737297.03125","3"
"'040078043'","'2018-08-25 00:45:00'","737297.03125","2"
"'040078051'","'2018-08-25 00:45:00'","737297.03125","1"
"'040077960'","'2018-08-25 00:45:00'","737297.03125","5"
"'040078043'","'2018-08-25 00:40:00'","737297.02777778","1"
"'040056208'","'2018-08-25 00:40:00'","737297.02777778","1"
"'040079460'","'2018-08-25 00:40:00'","737297.02777778","2"
"'040078051'","'2018-08-25 00:40:00'","737297.02777778","1"
"'040078071'","'2018-08-25 00:40:00'","737297.02777778","1"
"'040078095'","'2018-08-25 00:40:00'","737297.02777778","3"
"'040078097'","'2018-08-25 00:40:00'","737297.02777778","1"
"'040077970'","'2018-08-25 00:40:00'","737297.02777778","2"
"'040078095'","'2018-08-25 00:35:00'","737297.02430556","1"
"'040077974'","'2018-08-25 00:35:00'","737297.02430556","2"
"'040079460'","'2018-08-25 00:35:00'","737297.02430556","1"
"'040077960'","'2018-08-25 00:35:00'","737297.02430556","2"
"'040078051'","'2018-08-25 00:35:00'","737297.02430556","1"
"'040078052'","'2018-08-25 00:35:00'","737297.02430556","1"
"'040078048'","'2018-08-25 00:35:00'","737297.02430556","2"
"'040078097'","'2018-08-25 00:30:00'","737297.02083333","2"
"'040078071'","'2018-08-25 00:30:00'","737297.02083333","3"
"'040078060'","'2018-08-25 00:30:00'","737297.02083333","1"
"'040056208'","'2018-08-25 00:30:00'","737297.02083333","2"
"'040078065'","'2018-08-25 00:30:00'","737297.02083333","1"
"'040077960'","'2018-08-25 00:25:00'","737297.01736111","1"
"'040078047'","'2018-08-25 00:25:00'","737297.01736111","1"
"'040077949'","'2018-08-25 00:25:00'","737297.01736111","1"
"'040078095'","'2018-08-25 00:25:00'","737297.01736111","1"
"'040078079'","'2018-08-25 00:10:00'","737297.00694444","1"
"'040078097'","'2018-08-25 00:10:00'","737297.00694444","3"
"'040056208'","'2018-08-25 00:10:00'","737297.00694444","1"
"'040078071'","'2018-08-25 00:10:00'","737297.00694444","1"
"'040078051'","'2018-08-25 00:10:00'","737297.00694444","2"
"'040077950'","'2018-08-25 00:10:00'","737297.00694444","2"
"'040056210'","'2018-08-25 00:10:00'","737297.00694444","2"
"'040056208'","'2018-08-25 00:05:00'","737297.00347222","1"
"'040078097'","'2018-08-25 00:05:00'","737297.00347222","1"
"'040078043'","'2018-08-25 00:00:00'","737297","1"
"'040078085'","'2018-08-24 20:05:00'","737296.83680556","1"
"'040078085'","'2018-08-24 20:00:00'","737296.83333333","2"
"'040078058'","'2018-08-24 12:00:00'","737296.5","1"
"'040078088'","'2018-08-23 23:15:00'","737295.96875","2"
"'040078086'","'2018-08-23 22:25:00'","737295.93402778","1"
"'040078086'","'2018-08-23 22:20:00'","737295.93055556","1"
"'040078046'","'2018-08-23 20:15:00'","737295.84375","1"
"'040056210'","'2018-08-23 19:55:00'","737295.82986111","1"
"'040078097'","'2018-08-23 19:55:00'","737295.82986111","2"
"'040078097'","'2018-08-23 19:50:00'","737295.82638889","2"
"'040078097'","'2018-08-22 21:55:00'","737294.91319444","3"
"'040056210'","'2018-08-22 21:55:00'","737294.91319444","1"
"'040077950'","'2018-08-22 21:50:00'","737294.90972222","1"
"'040077970'","'2018-08-22 21:50:00'","737294.90972222","1"
"'040078097'","'2018-08-22 21:50:00'","737294.90972222","1"
"'040078079'","'2018-08-22 21:50:00'","737294.90972222","1"
"'040078079'","'2018-08-22 21:45:00'","737294.90625","3"
"'040077950'","'2018-08-22 21:45:00'","737294.90625","5"
"'040077970'","'2018-08-22 21:40:00'","737294.90277778","1"
"'040077949'","'2018-08-22 21:40:00'","737294.90277778","1"
"'040077950'","'2018-08-22 21:35:00'","737294.89930556","1"
"'040077949'","'2018-08-22 21:35:00'","737294.89930556","1"
"'040077960'","'2018-08-22 21:35:00'","737294.89930556","1"
"'040077970'","'2018-08-22 21:35:00'","737294.89930556","1"
"'040078097'","'2018-08-22 21:30:00'","737294.89583333","2"
"'040078097'","'2018-08-22 21:25:00'","737294.89236111","1"
"'040078097'","'2018-08-22 20:50:00'","737294.86805556","1"
"'040056208'","'2018-08-22 20:50:00'","737294.86805556","1"
"'040078079'","'2018-08-21 21:50:00'","737293.90972222","1"
"'040077970'","'2018-08-21 21:45:00'","737293.90625","1"
"'040077950'","'2018-08-21 21:45:00'","737293.90625","7"
"'040077960'","'2018-08-21 21:45:00'","737293.90625","1"
"'040077950'","'2018-08-21 21:35:00'","737293.89930556","2"
"'040077970'","'2018-08-21 21:30:00'","737293.89583333","2"
"'040078079'","'2018-08-21 21:30:00'","737293.89583333","1"
"'040077950'","'2018-08-21 21:30:00'","737293.89583333","2"
"'040078097'","'2018-08-21 21:25:00'","737293.89236111","1"
"'040077950'","'2018-08-21 21:25:00'","737293.89236111","2"
"'040078040'","'2018-08-21 21:25:00'","737293.89236111","1"
"'040077950'","'2018-08-21 21:10:00'","737293.88194444","1"
"'040077950'","'2018-08-21 21:05:00'","737293.87847222","3"
"'040077970'","'2018-08-21 21:05:00'","737293.87847222","3"
"'040077950'","'2018-08-21 21:00:00'","737293.875","2"
"'040056208'","'2018-08-21 20:45:00'","737293.86458333","1"
"'040078071'","'2018-08-21 20:45:00'","737293.86458333","1"
"'040078036'","'2018-08-21 20:45:00'","737293.86458333","1"
"'040077945'","'2018-08-21 20:45:00'","737293.86458333","1"
"'040078097'","'2018-08-21 20:45:00'","737293.86458333","1"
"'040078059'","'2018-08-21 20:45:00'","737293.86458333","2"
"'040056209'","'2018-08-21 20:40:00'","737293.86111111","1"
"'040077960'","'2018-08-21 20:40:00'","737293.86111111","1"
"'040078095'","'2018-08-21 20:35:00'","737293.85763889","1"
"'040078046'","'2018-08-20 21:35:00'","737292.89930556","1"
"'040078071'","'2018-08-20 20:25:00'","737292.85069444","1"
"'040078079'","'2018-08-20 20:25:00'","737292.85069444","1"
"'040077960'","'2018-08-20 20:20:00'","737292.84722222","1"
"'040078097'","'2018-08-20 20:20:00'","737292.84722222","1"
"'040077950'","'2018-08-20 20:20:00'","737292.84722222","1"
"'040078097'","'2018-08-20 20:15:00'","737292.84375","1"
"'040078078'","'2018-08-20 20:15:00'","737292.84375","1"
"'040056209'","'2018-08-20 20:00:00'","737292.83333333","1"
"'040078097'","'2018-08-20 20:00:00'","737292.83333333","1"
"'040056207'","'2018-08-20 20:00:00'","737292.83333333","3"
"'040078071'","'2018-08-20 19:55:00'","737292.82986111","2"
"'040056207'","'2018-08-20 19:55:00'","737292.82986111","8"
"'040078097'","'2018-08-20 19:55:00'","737292.82986111","3"
"'040056207'","'2018-08-20 19:50:00'","737292.82638889","4"
"'040078071'","'2018-08-20 19:50:00'","737292.82638889","1"
"'040079460'","'2018-08-20 19:50:00'","737292.82638889","1"
"'040056207'","'2018-08-20 19:45:00'","737292.82291667","4"
"'040078043'","'2018-08-18 01:45:00'","737290.07291667","1"
"'040077970'","'2018-08-18 01:45:00'","737290.07291667","1"
"'040078040'","'2018-08-18 01:45:00'","737290.07291667","1"
"'040077960'","'2018-08-18 01:45:00'","737290.07291667","2"
"'040056208'","'2018-08-18 01:40:00'","737290.06944444","1"
"'040078097'","'2018-08-18 01:40:00'","737290.06944444","1"
"'040077960'","'2018-08-18 01:40:00'","737290.06944444","1"
"'040077949'","'2018-08-18 01:40:00'","737290.06944444","2"
"'040077950'","'2018-08-18 01:35:00'","737290.06597222","1"
"'040078087'","'2018-08-18 01:35:00'","737290.06597222","1"
"'040056330'","'2018-08-18 01:35:00'","737290.06597222","1"
"'040078079'","'2018-08-18 01:35:00'","737290.06597222","3"
"'040056210'","'2018-08-18 01:35:00'","737290.06597222","1"
"'040077949'","'2018-08-18 01:35:00'","737290.06597222","1"
"'040078060'","'2018-08-18 01:30:00'","737290.0625","1"
"'040077962'","'2018-08-18 01:30:00'","737290.0625","2"
"'040082100'","'2018-08-18 01:30:00'","737290.0625","1"
"'040056210'","'2018-08-18 01:30:00'","737290.0625","1"
"'040078047'","'2018-08-18 01:25:00'","737290.05902778","1"
"'040078095'","'2018-08-18 01:25:00'","737290.05902778","1"
"'040078060'","'2018-08-18 01:25:00'","737290.05902778","1"
"'040079460'","'2018-08-18 01:25:00'","737290.05902778","1"
"'040078077'","'2018-08-18 01:25:00'","737290.05902778","1"
"'040078052'","'2018-08-18 01:25:00'","737290.05902778","1"
"'040082100'","'2018-08-18 01:25:00'","737290.05902778","1"
"'040077960'","'2018-08-18 01:25:00'","737290.05902778","2"
"'040078048'","'2018-08-18 01:20:00'","737290.05555556","1"
"'040077973'","'2018-08-18 01:20:00'","737290.05555556","1"
"'040077962'","'2018-08-18 01:20:00'","737290.05555556","2"
"'040078060'","'2018-08-18 01:15:00'","737290.05208333","1"
"'040056330'","'2018-08-18 01:15:00'","737290.05208333","1"
"'040077962'","'2018-08-18 01:15:00'","737290.05208333","1"
"'040077962'","'2018-08-18 01:10:00'","737290.04861111","3"
"'040078040'","'2018-08-18 01:10:00'","737290.04861111","1"
"'040081036'","'2018-08-18 01:10:00'","737290.04861111","1"
"'040078043'","'2018-08-18 00:45:00'","737290.03125","2"
"'040077950'","'2018-08-18 00:45:00'","737290.03125","2"
"'040078047'","'2018-08-18 00:45:00'","737290.03125","2"
"'040078079'","'2018-08-18 00:45:00'","737290.03125","1"
"'040078052'","'2018-08-18 00:45:00'","737290.03125","1"
"'040078047'","'2018-08-18 00:40:00'","737290.02777778","1"
"'040078043'","'2018-08-18 00:40:00'","737290.02777778","1"
"'040077960'","'2018-08-18 00:40:00'","737290.02777778","1"
"'040078079'","'2018-08-18 00:40:00'","737290.02777778","2"
"'040078048'","'2018-08-18 00:40:00'","737290.02777778","1"
"'040078078'","'2018-08-18 00:40:00'","737290.02777778","1"
"'040077950'","'2018-08-18 00:40:00'","737290.02777778","1"
"'040078046'","'2018-08-18 00:40:00'","737290.02777778","1"
"'040078059'","'2018-08-18 00:40:00'","737290.02777778","1"
"'040077949'","'2018-08-18 00:40:00'","737290.02777778","1"
"'040056330'","'2018-08-18 00:35:00'","737290.02430556","3"
"'040078060'","'2018-08-18 00:35:00'","737290.02430556","2"
"'040056208'","'2018-08-18 00:35:00'","737290.02430556","3"
"'040078071'","'2018-08-18 00:35:00'","737290.02430556","2"
"'040081036'","'2018-08-18 00:35:00'","737290.02430556","1"
"'040056210'","'2018-08-18 00:35:00'","737290.02430556","1"
"'040056208'","'2018-08-18 00:30:00'","737290.02083333","2"
"'040056210'","'2018-08-18 00:30:00'","737290.02083333","1"
"'040078097'","'2018-08-18 00:30:00'","737290.02083333","2"
"'040056330'","'2018-08-18 00:30:00'","737290.02083333","1"
"'040077960'","'2018-08-18 00:25:00'","737290.01736111","2"
"'040079460'","'2018-08-18 00:25:00'","737290.01736111","1"
"'040078095'","'2018-08-18 00:25:00'","737290.01736111","1"
"'040078040'","'2018-08-18 00:25:00'","737290.01736111","2"
"'040078048'","'2018-08-18 00:25:00'","737290.01736111","1"
"'040078052'","'2018-08-18 00:25:00'","737290.01736111","1"
"'040078043'","'2018-08-18 00:25:00'","737290.01736111","1"
"'040082100'","'2018-08-18 00:20:00'","737290.01388889","1"
"'040056208'","'2018-08-18 00:20:00'","737290.01388889","2"
"'040077974'","'2018-08-18 00:20:00'","737290.01388889","1"
"'040077973'","'2018-08-18 00:20:00'","737290.01388889","1"
"'040078046'","'2018-08-18 00:20:00'","737290.01388889","1"
"'040056330'","'2018-08-18 00:20:00'","737290.01388889","1"
"'040078097'","'2018-08-18 00:20:00'","737290.01388889","3"
"'040078071'","'2018-08-18 00:20:00'","737290.01388889","2"
"'040078095'","'2018-08-18 00:15:00'","737290.01041667","1"
"'040078048'","'2018-08-18 00:15:00'","737290.01041667","1"
"'040078052'","'2018-08-18 00:15:00'","737290.01041667","1"
"'040078079'","'2018-08-18 00:15:00'","737290.01041667","1"
"'040078079'","'2018-08-18 00:10:00'","737290.00694444","3"
"'040078095'","'2018-08-18 00:10:00'","737290.00694444","1"
"'040079460'","'2018-08-18 00:10:00'","737290.00694444","2"
"'040078048'","'2018-08-18 00:10:00'","737290.00694444","1"
"'040078040'","'2018-08-18 00:10:00'","737290.00694444","2"
"'040078097'","'2018-08-18 00:05:00'","737290.00347222","3"
"'040078065'","'2018-08-18 00:00:00'","737290","4"
"'040056330'","'2018-08-18 00:00:00'","737290","2"
"'040056208'","'2018-08-18 00:00:00'","737290","3"
"'040056210'","'2018-08-18 00:00:00'","737290","1"
"'040077935'","'2018-08-18 00:00:00'","737290","1"
"'040078071'","'2018-08-18 00:00:00'","737290","2"
"'040078097'","'2018-08-18 00:00:00'","737290","8"
"'040078043'","'2018-08-17 23:55:00'","737289.99652778","2"
"'040056210'","'2018-08-17 23:55:00'","737289.99652778","1"
"'040078097'","'2018-08-17 23:55:00'","737289.99652778","1"
"'040056330'","'2018-08-17 23:55:00'","737289.99652778","1"
"'040077960'","'2018-08-17 23:55:00'","737289.99652778","2"
"'040078065'","'2018-08-17 23:50:00'","737289.99305556","3"
"'040056208'","'2018-08-17 23:50:00'","737289.99305556","2"
"'040056330'","'2018-08-17 23:50:00'","737289.99305556","1"
"'040056210'","'2018-08-17 23:50:00'","737289.99305556","1"
"'040078084'","'2018-08-17 23:50:00'","737289.99305556","1"
"'040056330'","'2018-08-17 23:45:00'","737289.98958333","1"
"'040077949'","'2018-08-17 23:45:00'","737289.98958333","1"
"'040056208'","'2018-08-17 23:45:00'","737289.98958333","1"
"'040077974'","'2018-08-17 23:45:00'","737289.98958333","1"
"'040078097'","'2018-08-17 23:45:00'","737289.98958333","2"
"'040077960'","'2018-08-17 23:45:00'","737289.98958333","3"
"'040079460'","'2018-08-17 23:40:00'","737289.98611111","1"
"'040056330'","'2018-08-17 23:40:00'","737289.98611111","1"
"'040078043'","'2018-08-17 23:40:00'","737289.98611111","2"
"'040078060'","'2018-08-17 23:40:00'","737289.98611111","1"
"'040078048'","'2018-08-17 23:40:00'","737289.98611111","1"
"'040081036'","'2018-08-17 23:40:00'","737289.98611111","1"
"'040056210'","'2018-08-17 23:40:00'","737289.98611111","1"
"'040078051'","'2018-08-17 23:40:00'","737289.98611111","2"
"'040078097'","'2018-08-17 23:40:00'","737289.98611111","2"
"'040078095'","'2018-08-17 23:35:00'","737289.98263889","1"
"'040078051'","'2018-08-17 23:35:00'","737289.98263889","1"
"'040077973'","'2018-08-17 23:35:00'","737289.98263889","1"
"'040078052'","'2018-08-17 23:35:00'","737289.98263889","1"
"'040078048'","'2018-08-17 23:35:00'","737289.98263889","1"
"'040078047'","'2018-08-17 23:35:00'","737289.98263889","2"
"'040077960'","'2018-08-17 23:35:00'","737289.98263889","5"
"'040078097'","'2018-08-17 23:30:00'","737289.97916667","1"
"'040056330'","'2018-08-17 23:30:00'","737289.97916667","2"
"'040078043'","'2018-08-17 23:30:00'","737289.97916667","2"
"'040079459'","'2018-08-17 22:40:00'","737289.94444444","1"
